カードID,名称,属性,コスト,種類,キーワード能力,攻撃力,HP,カテゴリ,効果,フレーバーテキスト
C0000001,粘液獣・開花,原始,2,monster,,200,300,【プラント】【スライム】,【自分エンドフェイズ時】このカードは分裂する。場にこのカードが3体以上いる場合分裂不可【自壊時】破壊された時一度だけ「粘液獣の種子（攻撃力0HP100）」を場に生成する。,春の訪れと共に咲き乱れ、粘液の花が無限に広がる。
C0000002,触覚持ち粘液獣,原始,3,monster,【魔障壁】,500,650,【ビースト】【スライム】,基本技：次の相手のターン終了時まで相手の魔法カードを封じる。,触覚が蠢き、敵の策略を絡め取って動けなくする。
C0000003,粘液獣の群生地,原始,4,field,,,,,【常時】自分の場の粘液獣モンスターの攻撃力を300上げる。【自分エンドフェイズ時】場にいる粘液獣1体につき相手プレイヤーに300ダメージを与える。,粘液の海が広がり、そこに住む獣たちが敵を飲み込む。
C0000004,ゴミあさり粘液獣,原始,3,monster,,500,600,【ビースト】【スライム】,【召喚時】墓地の「粘液獣」モンスター1体を再利用（攻撃力半減）して場に戻す。【召喚時】このターンはダイレクトアタック可能。,廃墟を漁り、捨てられた仲間を呼び戻して襲いかかる。
C0000005,苗床粘液獣,原始,4,monster,,500,650,【ビースト】【スライム】,【自分メインフェイズ時】、1ターンに1度、場に粘液獣が3体以上いる場合、相手モンスター1体を捕食して自身の攻撃力を上げる（捕食1体につき300アップ、最大1500まで）。【自壊時】このカードは1度だけ破壊されると効果無効で墓地から復活。  ,獲物を絡め取り、その力を吸い尽くして新たな命を育む。
C0000006,新・超覚醒粘液獣ハイパー,原始,5,monster,,500,600,【コア・ビースト】【スライム】,"【召喚時】場にいる粘液獣1体につき自分の攻撃力を1000上げる。
基本技：場にいる時一度だけ相手モンスター1体を飲み込んで無効化。",進化の果てに目覚めた粘液の王が、全てを飲み込む。
C0000007,粘液獣・キング,原始,6,monster,,1000,1300,【コア・ビースト】【スライム】,"【常時】場にいる粘液獣1体につき自分の攻撃力を1500上げる（自身は含めない）。
基本技：このターン中相手のモンスター効果を全て無効化。",群れを率いる王が、敵の力を奪い支配する。
C0000008,粘液獣・胞子,原始,1,monster,,200,250,【プラント】【スライム】,【召喚時】デッキから「粘液獣」と名の付くカード1枚を手札に加える。,小さな胞子が風に乗り、新たな粘液の脅威を撒き散らす。
C0000009,粘液獣・寄生,原始,2,monster,,400,500,【プラント】【スライム】,基本技: このカードを相手モンスターに重ねて、攻撃力を毎ターン開始時に500下げ、次のターン終了時までそのモンスターの効果を無効化する。  場に粘液獣が3体以上いる場合、さらに攻撃力を500下げる。,敵に忍び込み、心と体を操る粘液の寄生虫。
C0000010,粘液獣・融合体,原始,4,monster,,1000,1200,【スライム】,"【召喚時】このカードと場の他の「粘液獣」1体を融合し、このカードの攻撃力を融合素材の合計に変更。
基本技：ターン終了時まで相手モンスター1体の効果を無効化。",仲間が溶け合い、巨大な力となって敵を圧倒する。
C0000011,粘液獣・暴走体,原始,5,monster,,1600,2000,【スライム】,【召喚時】場にいる「粘液獣」1体を破壊し、そのコスト×300分のダメージを相手プレイヤーに与える。,制御不能の暴走が、仲間すら犠牲にして敵を焼き尽くす。
C0000012,粘液の増殖,原始,2,magic,,,,,場にいる「粘液獣」1体を分裂させる（攻撃力は半分になる）。,分裂の魔力が、粘液の数を無限に増やしていく。
C0000013,粘液の罠,原始,2,magic,【刹那詠唱】,,,,相手が攻撃したとき発動、そのモンスターの攻撃力を800下げ、次のターンまで行動不能にする。,粘液の罠が敵を絡め取り、動きを封じる。
C0000014,粘液再生,原始,3,magic,,,,,墓地の「粘液獣」2体を場に戻す（攻撃力半分・HP半分・効果無効になる）。,死した粘液が再び蠢き、新たな命を吹き込まれる。
C0000015,粘液の浸食,原始,3,magic,【刹那詠唱】,,,,相手の場にいるモンスター1体の攻撃力を毎ターン500下げる、0になったら破壊する。,じわじわと浸食する粘液が、敵を溶かしていく。
C0000016,粘液爆発,原始,4,magic,,,,,場にいる「粘液獣」1体を破壊し、その攻撃力分のダメージをすべての相手モンスターに与える。,爆発する粘液が、敵に壊滅的な一撃を与える。
C0000017,未来の粘液回路,未来,6,magic,,,,,デッキから「粘液獣・キング」または「新・超覚醒粘液獣－ハイパー－」を場に直接召喚。,未来の回路が、究極の粘液獣を呼び覚ます。
C0000018,粘液の沼地,原始,3,field,,,,,【常時】場にいる「粘液獣」の攻撃力を300アップ。【相手モンスター攻撃時】相手プレイヤーは200ダメージを受ける。,沼地の粘液が敵を絡め取り、逃げる者を焼き尽くす。
C0000019,粘液の巣窟,原始,4,field,,,,,【自分エンドフェイズ時】墓地の「粘液獣」1体を場に戻す。【自分エンドフェイズ時】場に「粘液獣」が3体以上いる場合、自分のライフを500回復。,巣窟に潜む粘液獣が、仲間を呼び戻し力を増す。
C0000020,灯火の護衛霊,光,2,monster,,600,1200,【スピリット】,【常時】自分の光属性モンスターが受けるダメージを200軽減する（1ターンに1度）。,「永遠の灯を守るために舞う精霊。その輝きは聖域の仲間を虚蝕の爪から護る。」
C0000021,フレア・ドラゴン,炎,3,monster,,1800,1500,【ドラゴン】,"【召喚時】バトルフェイズ開始時、相手プレイヤーに300ダメージを与える。
基本技：自身の攻撃力の半分のダメージを相手モンスター1体に与える。",炎の翼を広げ、灼熱の息吹で全てを焼き尽くす。
C0000022,火竜の吐息,炎,2,magic,【刹那詠唱】,,,,相手のモンスター1体に1000ダメージを与え、相手プレイヤーに500ダメージを与える。,燃え盛る息吹が、敵を瞬時に灰に変える。
C0000023,レッドバーストドラゴン,炎,5,monster,【覚醒】,2500,2700,【ドラゴン】,【バトルフェイズ開始時】相手プレイヤーに300ダメージ（覚醒後500ダメージ）を与える。【覚醒時】攻撃力が1000上昇。基本技：自分の手札を1枚捨てて、このカードの攻撃力をターン終了時まで1000アップ。,紅蓮の爆発と共に覚醒し、敵を焼き尽くす龍。
C0000024,紅蓮爆発,炎,4,magic,,,,,手札を全て捨てて、自分の場にいるモンスターの攻撃力を倍にする,龍の咆哮が力を解放し、戦場を炎に包む。
C0000025,ブレイズ・ドラゴン,炎,2,monster,,1200,1200,【ドラゴン】,"【自壊時】デッキから「ドラゴン」モンスター1体を手札に加える。
基本技：自身の攻撃力の半分のダメージを相手モンスター1体に与える。",炎の使者が現れ、敵に熱波を送り込む。
C0000026,インフェルノ・ドラゴン,炎,3,monster,,1600,1800,【ドラゴン】,【自攻撃前】攻撃対象モンスターの攻撃力を300下げる。【自攻撃後】相手モンスターを破壊した場合、相手プレイヤーに500ダメージを与える。,地獄の炎を纏い、敵を焼き尽くす龍。
C0000027,マグマ・ドラゴン,炎,4,monster,,2000,2400,【ドラゴン】,【相手が魔法カードを発動時】相手プレイヤーに200ダメージを与える。,溶岩の体を持つ龍が、敵の魔法を焼き払う。
C0000028,炎竜母フレイマ,炎,6,monster,,2500,3000,【ドラゴン】,"【召喚時】墓地の「ドラゴン」モンスター1体を攻撃力半減で場に戻す。【常時】自分の「ドラゴン」モンスターは効果でダメージを受けない。
基本技：場の「ドラゴン」モンスター1体のHPを500回復する。
上級技：墓地の「ドラゴン」モンスター1体を攻撃力半減で場に戻す。",炎の母が子らを守り、新たな命を呼び戻す。
C0000029,クリムゾン・ワイバーン,炎,3,monster,,1400,1400,【ワイバーン】,"【常時】「ドラゴン」モンスターがいる時、このカードの攻撃力は400アップする。
【自攻撃後】自分のライフを300減らす。",紅の翼が空を切り裂き、生命力を取り戻す。
C0000030,バースト・ドラゴン・ナイト,炎,4,monster,,1800,2000,【ドラゴン】【ライバル】,【自攻撃後】このカードが「ドラゴン」モンスターを破壊した場合、もういちど攻撃が可能。,炎の騎士が龍の力を借りて敵を打ち砕く。
C0000031,炎の咆哮,炎,2,magic,,,,,場にいる「ドラゴン」と名の付いたモンスター1体の攻撃力をターン終了時まで500アップし、相手プレイヤーに300ダメージを与える。,炎の咆哮が戦場を震わせ、敵を焼き尽くす。
C0000032,ドラゴンの炎息,炎,3,magic,【刹那詠唱】,,,,相手モンスター1体に800ダメージを与えた後、相手モンスター全体に300ダメージを与える。,龍の吐息が敵を焼き払い、灰すら残さない。
C0000033,紅蓮の覚醒,炎,1,magic,,,,,場にいる「ドラゴン」モンスター1体を、このターン中「覚醒」状態にし、攻撃力を700アップ。,紅蓮の炎が龍を目覚めさせ、力を極限まで引き出す。
C0000034,炎の嵐,炎,3,magic,,,,,場にいる全ての「ドラゴン」モンスターの数×200ダメージを相手プレイヤーに与える。,炎の嵐が吹き荒れ、敵を焼き尽くす。
C0000035,ドラゴンの血脈,炎,6,magic,,,,,デッキから「レッドバーストドラゴン」または「炎竜母フレイマ」を場に直接召喚。,龍の血が脈々と流れ、最強の存在を呼び寄せる。
C0000036,燃え尽きる業火,炎,4,magic,,,,,自分の場にいる「ドラゴン」と名のついたモンスター1体を破壊し、その攻撃力分のダメージを相手プレイヤーに与える。,業火が全てを焼き尽くし、敵に壊滅的な一撃を与える。
C0000037,ドラゴンの火山,炎,3,field,,,,,【常時】「ドラゴン」と名のついたモンスターの攻撃力を400アップ。【自分エンドフェイズ時】相手モンスターに300ダメージを与え、場に炎属性モンスターがいる場合、さらに相手プレイヤーに400ダメージを与える。,火山の噴火と共に龍が目覚め、敵を焼き尽くす。
C0000038,紅の竜宮,炎,4,field,,,,,【「ドラゴン」モンスターが破壊された時】手札からそのコスト以下の別の「ドラゴン」モンスター1体を効果無効で場に戻す（1ターンに1度）。,紅の宮殿で龍が守られ、新たな力を呼び戻す。
C0000039,アクア・メイデン,水,3,monster,,1300,1700,【タイドウェーブ】,"【召喚時】相手モンスター1体を「眠り」（次のターン終了時まで行動不能、効果無効、ターン開始フェイズに50％で解除）にする。
基本技：相手モンスター1体を「眠り」状態にする。",水の乙女が優しく敵を眠らせ、その夢を壊す。
C0000040,シー・サーペント,水,4,monster,,2000,3200,【スネーク】【タイドウェーブ】,なし,海の深淵から現れた蛇が、全てを飲み込む。
C0000041,ダーク・リヴァイアサン,水,6,monster,【禁忌カード】,2500,4000,【リヴァイアサン】【ディープシャドウ】,"【召喚時】相手の場にいるモンスター全てに3000ダメージを与え、相手プレイヤーに破壊したモンスター1体につき800ダメージを与える。このターン自分はダイレクトアタックできない。
基本技：次のターンの相手のSPトークン増加を1減少させる。禁忌カード（1枚制限）。",深海の闇から現れた怪物が、敵を奈落へと引きずり込む。
C0000042,潮の乙女,水,2,monster,,600,1000,【ヒューマノイド】【タイドウェーブ】,【召喚時】手札の水属性カード1枚のコストを１減少させる。,潮の流れを操る乙女が、力を呼び戻す。
C0000043,深海のクラーケン,水,4,monster,,1800,2800,【ビースト】【ディープシャドウ】,"【自分メインフェイズ時、墓地で発動】SPコスト4を払い、このカードを再度召喚可能。
基本技：1ターンに1度、場のコスト4以下の相手モンスター1体を指定し、「凍結」状態にする。",深海の巨獣が触手を伸ばし、敵を絡め取る。
C0000044,水晶のマーメイド,水,3,monster,,1200,1600,【マーメイド】【タイドウェーブ】,【召喚時】手札の水属性モンスター1体選び、次の自分のエンドフェイズまで「SPコスト1軽減」状態にする。,水晶のように輝く人魚が、仲間を導く。
C0000045,海流の守護者,水,4,monster,,1600,2500,【ヒューマノイド】【タイドウェーブ】,"【自分エンドフェイズ時、墓地で発動】レスト状態のSPトークンを１つアクティブにする。
基本技：自分の水属性モンスター1体の状態異常を回復する。",海流と共に立ち、仲間を守る守護者。
C0000046,泡沫の精霊,水,1,monster,,200,300,【スピリット】【タイドウェーブ】,基本技：このカードをリリースすると、次の水属性モンスターの召喚コストを2軽減する。,泡沫の精が消え、新たな力を呼び寄せる。
C0000047,マーメイドの恵み,水,2,magic,,,,,次の自分のターンのSPトークン増加量を1増加させる（1ターンに1度のみ）。,海の恵みが、心と体に力を与える。
C0000048,人魚の波誘い,水,3,magic,【刹那詠唱】,,,,相手モンスター1体の攻撃先を別の相手モンスターに変更する。,波の囁きが敵を惑わし、戦場を乱す。
C0000049,タイダルシフト,水,2,magic,,,,,場にいる水属性モンスター1体をデッキに戻し、デッキから同じコスト以下の別の水属性モンスターを場に出す（コスト不要）。,潮の流れが入れ替わり、新たな戦士を呼び込む。
C0000050,クラーケンの呼び声,水,3,magic,【刹那詠唱】,,,,墓地の水属性モンスター1体を手札に戻し、そのカードの召喚コストを1減らす。,海底から響く声が、亡魂を呼び戻す。
C0000051,リヴァイアサンの奔流,水,4,magic,,,,,相手モンスター全てに、場にいる水属性モンスターの数×400ダメージを与える。,奔流が敵を押し流し、全てを洗い流す。
C0000052,ネプチューンの加護,水,5,magic,,,,,このターン、自分の水属性モンスター全ての攻撃力を600アップ。次のターン終了時まで、自分の水属性モンスター全てへの技のダメージが0になる。,海神の加護が、水の戦士たちを包み込む。
C0000053,母なる大海,水,3,field,,,,,【常時】水属性モンスターの攻撃力300アップ。【自分エンドフェイズ時】自分のレスト状態のSPトークンを一つアクティブにする。【エンドフェイズ時】「凍結」状態の相手モンスターがいる場合、相手プレイヤーに300ダメージ与える。,大海が子らを育み、敵を冷たく包む。
C0000054,珊瑚の迷宮,水,3,field,,,,,【相手モンスターの攻撃時】、その攻撃力を200下げる。【自分エンドフェイズ時】自分のライフを300回復。,珊瑚の迷路が敵を惑わし、力を奪う。
C0000055,深淵の潮流,水,4,field,,,,,【常時】水属性モンスターの召喚コストを1軽減。【エンドフェイズ時】場に水属性モンスターが3体以上いる場合、相手プレイヤーに500ダメージ。,深淵の流れが仲間を呼び、敵を飲み込む。
C0000056,輝聖女ルミナス,光,4,monster,,1800,2400,【ヒューマノイド】【ルミナフォース】,"【エンドフェイズ時】相手のモンスターの攻撃力を200下げる。
基本技: このカードのHPを300回復する
上級技: 手札から光属性モンスター1体をコストなしで召喚可能。",聖なる光を放つ乙女が、闇を浄化する。
C0000057,プリズム・ガーディアン,光,3,monster,,1200,1800,【スピリット】【ルミナフォース】,"【自分モンスター被ダメージ時】1ターンに1度だけ、自分の光属性モンスターがダメージを受ける場合、代わりにこのカードが受ける。
基本技：このカードに「守護（1度だけ受けるダメージ半減）」を付与する",虹色の守護者が、光の仲間を護る。
C0000058,熾天使セラフ,光,5,monster,,2200,2900,【天使】【ルミナフォース】,"【相手モンスター召喚時】対象モンスターに200ダメージを与える。
基本技：墓地の光属性モンスター1体を手札に戻す。",天界の使者が、聖なる裁きを下す。
C0000059,光の騎士,光,2,monster,,1000,1200,【ヒューマノイド】,【召喚時】デッキから「光の」魔法カード1枚を手札に加える。,光の剣を手に持つ騎士が、希望を導く。
C0000060,聖なる導師,光,3,monster,,1400,1800,【ヒューマノイド】,基本技：場にいる光属性モンスター1体の攻撃力をターン終了時まで600アップ。,導師の祈りが、仲間を聖なる力で満たす。
C0000061,輝くユニコーン,光,4,monster,,1700,2000,【ビースト】,【自攻撃時】自分のライフを500回復。,輝く角を持つ獣が、光と共に敵を貫く。
C0000062,光の使徒,光,1,monster,,300,400,【スピリット】,"【自メインフェイズ時】このカードをリリースすると、自分のライフを400回復できる。
基本技：手札から光属性カード1枚を捨てるとレスト状態のSPトークン1つをアクティブにする",光の使徒が、自らを捧げて道を開く。
C0000063,聖獣フェニックス,光,5,monster,,2000,3000,【フェニックス】【スカイレジェンド】,【自ライフ3000以下】このカードが墓地にある場合、1度だけ場に戻る（攻撃力2000、HP1500）。,聖なる炎に包まれた鳥が、灰から再び舞い上がる。
C0000064,ルミナスの裁き,光,4,magic,【刹那詠唱】,,,,光以外の相手モンスター1体を破壊する。自分の場に光属性モンスターが2体以上いる場合自分はその攻撃力の半分回復する。,光の裁きが、罪深き者を焼き払う。
C0000065,天使の波動,光,2,magic,【刹那詠唱】,,,,場にいる光属性モンスターの数×300ダメージを相手モンスター全体に与える。,輝く波動が、敵を浄化の光で包む。
C0000066,ホーリーライトサモン,光,3,magic,,,,,デッキからランダムなコスト3以下の光属性モンスター1体を場に出す（コスト不要）。,聖なる光が、新たな戦士を呼び寄せる。
C0000067,ルミナス・ドミネーション,光,4,magic,,,,,相手の場にいるモンスター1体のコントロールをターン終了時まで奪う。そのモンスターの攻撃力は半分になる。,光の力が敵を支配し、味方に変える。
C0000068,クリスタルブレス,光,2,magic,,,,,次の自分のターン、自分の光属性モンスターの召喚コストを1軽減。,輝く石の祝福が、戦士たちに力を与える。
C0000069,聖なる浄化,光,5,magic,,,,,場にいる全てのモンスターの効果をターン終了時まで無効化し、場のモンスター全体に2000ダメージを与える。,聖なる浄化が、戦場を清め滅びをもたらす。
C0000070,支配光の連鎖,光,3,magic,,,,,自分の場に光属性モンスターがいる場合、相手の手札を1枚ランダムに捨てさせる。,光の鎖が敵の手を縛り、自由を奪う。
C0000071,クリスタルサンクチュアリ,光,3,field,,,,,【常時】光属性モンスターの攻撃力を500アップ。【常時】2体以上光属性モンスターが場にいるとき相手の基本技の効果を1ターンに1度無効化できる。【自エンドフェイズ時】自分のライフを500回復。,輝石の庭で光が咲き、敵の魔法を封じる。
C0000072,ルミナスの聖域,光,3,field,,,,,【光属性モンスターが破壊される時】HPを1にして、代わりに自分のSPを1減らして守ることができる（1ターンに1度）。,聖域の光が、仲間を闇から守り抜く。
C0000073,輝く天蓋,光,3,field,,,,,【常時】相手モンスター全ての攻撃力を、場にいる光属性モンスター1体につき200下げる。,輝く天蓋が敵の力を奪い、光を増す。
C0000074,ダーク・ネクロフィア,闇,4,monster,【禁忌カード】,1500,2400,【デーモン】【アビスソウル】,"【自バトルフェイズ開始時】、場にこのカード以外の闇属性モンスターがいる場合のみ、相手モンスター全体と相手プレイヤーに500ダメージ。
基本技：相手モンスター1体の攻撃力を、場のモンスター1体につき500下げる。禁忌カード。",死の女神が闇と共に現れ、敵を蝕む。
C0000075,シャドウ・バインド,闇,2,magic,【刹那詠唱】,,,,相手のモンスター1体を動けなくする（1ターン行動不能）。,影の鎖が敵を縛り、動きを封じる。
C0000076,シャドウ・サーバント,闇,2,monster,,800,1000,【スピリット】,"【自壊時】デッキからコスト3以下「闇属性」魔法カード1枚を手札に加える。
基本技：次の相手ターン中、初めに発動される魔法のコストを1増加する。",闇の従者が主のために力を集め、敵を疲弊させる。
C0000077,彷徨える死者,闇,3,monster,,1200,1400,【ゴースト】,"【自壊時】相手モンスター1体に1200ダメージを与える。
基本技：SPを2払い、相手の手札を1枚ランダムに墓地に捨てさせる。",亡魂が敵の手札を奪い、怨念を残す。
C0000078,禁忌の傀儡師マレウス,闇,4,monster,,1600,1900,【アビスソウル】【パペットマスター】 ,基本技：墓地の闇属性モンスター1体を自分の場に戻す（攻撃力300、HP800、効果無効）。,禁忌の操り手が、死者を玩具に変える。
C0000079,深淵の騎士ガルム,闇,3,monster,,1400,1700,【アビスソウル】,基本技：このターンこのカードは2回攻撃ができる。,深淵から現れた騎士が、敵を次々と切り裂く。
C0000080,闇魔界の貴婦人,闇,5,monster,,2000,2800,【ヒューマノイド】【アビスソウル】,【常時】相手の魔法カードのコストを1増加する。【自壊時】デッキから「ダーク・ネクロフィア」を手札に加える。,闇の貴婦人が魔法を封じ、後継者を呼び寄せる。
C0000081,虚蝕獣・喰らい触手,闇,4,monster,,1800,2200,【虚蝕】【プラント】,【自攻撃後】相手モンスターを破壊した場合、破壊したモンスターの攻撃力の50％分のライフを回復する。,「虚蝕に蝕まれた古木が変貌した怪物。無数の触手で獲物を絡め取り、その命を喰らう。」
C0000082,怨霊の使者,闇,1,monster,,400,500,【ゴースト】,【自メインフェイズ時】このカードをリリースすると、相手の場にいるモンスター1体の攻撃力を半分にできる。,怨霊が敵に呪いをかけ、その力を削ぐ。
C0000083,闇の契約,闇,2,magic,,,,,自分のライフを500減らし、デッキからコスト4以下闇属性モンスター1体を手札に加える。,闇との契約が、新たな力を引き寄せる。
C0000084,腐食のコロード,闇,2,magic,,,,,場にいるモンスター1体の攻撃力を800下げる、0になると破壊。このターン、自分の闇属性モンスターの攻撃力を300アップ。,影が敵を蝕み、闇の力を増す。
C0000085,胡乱なドローン ,未来,1,monster,,300,500,【マシン】【スピリット】,"【召喚時】デッキの上から1枚を墓地に送る。そのカードが未来属性の場合、次のターン終了時までこのカードの攻撃力を600に変更。  
基本技: このカードを墓地に送り、次の未来属性モンスターの召喚コストを1軽減する。",「大崩壊の残響を宿した小型魔導機。虚蝕の霧の中を漂い、次の覚醒を待つ。」
C0000086,闇の波動,闇,3,magic,,,,,場にいる闇属性モンスターの数×400ダメージを相手プレイヤーに与える。自分のライフを300減らす。,闇の波動が敵を飲み込み、代償を求める。
C0000087,シャドウ・チェインズ,闇,2,magic,【刹那詠唱】,,,,相手モンスター1体の攻撃力をターン終了時まで0にし、相手モンスター1体に400ダメージを与える。,影の鎖が敵を縛り、苦痛を与える。
C0000088,ネクロフィアの儀式,闇,4,magic,,,,,自分の場にいるモンスター1体をリリースし、デッキから「ダーク・ネクロフィア」を場に直接召喚（コスト不要）。,漆黒の儀式が、死の女神を呼び覚ます。
C0000089,闇の宮殿,闇,3,field,,,,,【常時】闇属性モンスターの攻撃力を400アップ。【相手エンドフェイズ時】自分の場に闇属性モンスターがいるとき、相手の手札を1枚ランダムに墓地に捨てさせる。,闇の宮殿が力を与え、敵の手札を奪う。
C0000090,時脈の観測者,未来,1,monster,,400,600,【ヒューマノイド】,基本技: 自分の手札1枚をデッキに戻しシャッフルする。その後、1枚ドローする,「ヴォイドゲートの脈動を見張る者。時の歪みの中で未来を読み解く。」
C0000091,灯火の精霊,光,2,monster,,600,1300,【スピリット】,【常時】自分の光属性モンスターが召喚されるたび、そのモンスターのHPを200増やす。,「永遠の灯から零れた光の欠片が形を成した精霊。微かな輝きで聖域の仲間を支える。」
C0000092,シャドウ・レイヴン,闇,4,monster,,1200,1400,【鳥・カラス】,基本技：相手の手札を1枚破棄させる。,影の鴉が敵の手札を啄み、混乱を招く。
C0000093,ダーク・ヴォイド,闇,3,magic,,,,,場にいるモンスター1体に1600ダメージを与える。,闇の虚無が敵を飲み込み、跡形もなく消す。
C0000094,闇鴉の斥候,闇,2,monster,,600,700,【鳥・カラス】,"【召喚時】相手のデッキの上から1枚を墓地に送る。
基本技：このカードが場にいる間、相手の手札上限を1減らす。",闇鴉が敵の計画を覗き、制限をかける。
C0000095,シャドウ・プランダラー,闇,3,monster,,1300,1600,【シャドウ】【ヒューマノイド】,【自攻撃時】相手の墓地のカード1枚を除外し、そのコスト＊100分のダメージを相手プレイヤーに与える。,影の略奪者が墓地を漁り、敵に苦痛を与える。
C0000096,奈落の追跡者,闇,4,monster,,1600,1900,【ダークドウェラ】,【召喚時】相手の手札を1枚選び、それがモンスターなら墓地に送る。,奈落の追手が敵の手札を追い詰める。
C0000097,闇の女盗賊,闇,5,monster,,1800,2400,【ダークドウェラ】,基本技：相手は1枚ドローする、魔法カードなら墓地に送り、自分のライフをそのコスト＊200回復。モンスターカードなら、相手のライフにそのコスト＊200ダメージを与える。,闇の盗賊が敵の運命を奪い、力を取り戻す。
C0000098,影喰いの鴉,闇,3,monster,,1100,1300,【鳥・カラス】【アビスソウル】,【自攻撃後】相手モンスターを破壊した場合、相手のデッキの上から2枚を墓地に送る。,影を喰らう鴉が、敵の未来を食い尽くす。
C0000099,虚蝕獣・爪刃の群れ  ,闇,4,monster,,1700,2000,【虚蝕】【ビースト】,"【召喚時】相手モンスター1体に800ダメージを与える。
基本技：相手モンスター1体に800ダメージを与える。",「虚蝕に染まった獣の群れが鋭い爪で襲いかかる。知能を持ち、獲物を仕留めるまで執拗に追う。」
C0000100,闇の収集,闇,2,magic,,,,,相手の墓地のカードを2枚除外し、デッキから闇属性モンスター1枚を手札に加える。,闇が墓地を漁り、新たな力を集める。
C0000101,シャドウ・カース,闇,3,magic,,,,,相手モンスター1体の攻撃力をターン終了時まで0にし、そのモンスターの効果を次のターンまで無効化。,影の呪いが敵を弱らせ、力を封じる。
C0000102,暗黒の略奪,闇,5,magic,,,,,手札を1枚捨てる。そのコスト以下の相手の場にいる禁忌カード以外のモンスター1体のコントロールを奪う。エンドフェイズに、そのモンスターを破壊して自分に800ダメージ。,闇が敵を奪い、破滅へと導く。
C0000103,奈落の呼び声,闇,3,magic,,,,,自分の墓地のコスト4以下闇属性モンスター1体を場に戻し、そのターン終了時まで攻撃力を600アップ。,奈落の声が死者を呼び戻し、力を与える。
C0000104,闇の崩壊,闇,6,magic,,,,,場にいる全てのモンスターの攻撃力を半分にし、相手モンスター全体にその差分の合計ダメージを与える。,闇の崩壊が全てを飲み込み、敵に苦痛を与える。
C0000105,魔導炉の残骸獣,未来,2,monster,,800,1000,【ビースト】【マシン】,"【召喚時】自分の墓地の未来属性カード1枚をデッキに戻す。その後、相手プレイヤーに300ダメージを与える。  
基本技: このカードの攻撃力をターン終了時まで1200に変更。",「魔導炉の残骸に虚蝕が宿り、生まれた異形の獣。過去の技術が咆哮を上げる。」
C0000106,次元渡り・ヴォイドウォーカー,未来,3,monster,,1200,1500,【ヒューマノイド】【トラベラー】,"【自分エンドフェイズ時】レスト状態のSPトークン1個をアクティブに変える（ターンに1度）。  
基本技: このカードの攻撃力をターン終了時まで1800に変更。",「ヴォイドゲートを渡る者。次元を越えた知識を手に、虚蝕の霧を切り裂く。」
C0000107,守護の魔導ゴーレム,未来,6,monster,,2000,3800,【ゴーレム】【マシン】,"【自分エンドフェイズ時】自分の未来属性モンスターのHPを500回復（ターンに1度）。  
基本技: SPトークン2個をレスト状態にし、自分のモンスター全体に「守護（1度だけ受けるダメージを半減）」を付与する。  
上級技: 自分の手札1枚を墓地に送り、自分の墓地のモンスター1体を場に戻す（攻撃力半減、HP半減、効果無効）。",「ルミナリスの光を宿す守護者。大崩壊前、永遠の灯を守り、民に安息を与えた鋼の巨人。」
C0000108,虚蝕の呪詛,闇,2,phasecard,,,,,"初期効果: 【自分エンドフェイズ時】相手プレイヤーに300ダメージを与える。  
1枚重ね: 【自分エンドフェイズ時】自分の闇属性モンスターが場にいる場合、相手のデッキの上から3枚を墓地に送る。  
2枚重ね: 【相手がカードをドローしたとき】自分のレスト状態のSPトークン1つをアクティブにする。  
3枚重ね: 相手フィールドのモンスター1体を攻撃力を0にし（次のターン終了時まで）、自分の闇属性モンスター全体の攻撃力をターン終了時まで800アップ。その後、このカードを墓地に送り、次のターン開始時、自分のライフを1000減らす。",「虚蝕の霧が呪いの言葉を囁き、エクラシアの大地を蝕む。その代償は魂の深淵へと響く。」
C0000109,ブラック・オラクル,闇,6,monster,【禁忌カード】,3000,4200,【ブラック・オラクル】【アビスソウル】,【召喚時】場にいる自分以外の全てのモンスターに3000ダメージを与え、この効果で破壊したモンスター1体につき300ダメージを相手プレイヤーに与え、このターン中、相手のモンスター効果と魔法カードの発動を全て無効化。召喚したターン自分はダイレクトアタックできない。【自壊時】自分のライフを3000減らし、デッキから闇属性モンスター1体を場に特殊召喚。禁忌カード。,闇の預言者が全てを滅ぼし、新たな闇を呼び寄せる。
C0000110,闇の支配者,闇,5,monster,,2400,3300,【ダークドウェラ】【アビスソウル】,"【召喚時】相手の場にいる禁忌カード以外のコスト3以下モンスター1体のコントロールを奪う。
基本技: 相手の手札を1枚ランダムに捨てる。その後、相手は1枚ドローする。
上級技: 相手のSPトークンを1つ減らす。",闇の王が敵を支配し、力を奪い取る。
C0000111,禁忌の守護者,闇,3,monster,,1300,1700,【ガーディアン】,"【自壊時】デッキから「ブラック・オラクル」を手札に加える。
基本技：自分のモンスター１体に守護（1度だけ受けるダメージを半減）を付与する",禁忌の守護者が仲間を守り、後継者を導く。
C0000112,シャドウ・エンフォーサー,闇,4,monster,,1800,2200,【ダークドウェラ】,基本技：相手の墓地のカードを2枚除外し、その中にモンスターがあれば相手プレイヤーに600ダメージを与える。,影の執行者が敵の過去を消し、苦痛を与える。
C0000113,咆哮の虚蝕獣,闇,2,monster,,900,1100,【ダークドウェラ】【虚蝕】,"【召喚時】相手のデッキの上から3枚を墓地に送る。
基本技：相手モンスター1体に500ダメージを与える。",「虚蝕に冒された種子が芽吹き、咆哮を上げる怪物と化した。」
C0000114,闇の巨像,闇,5,monster,,2600,3600,【ゴーレム】,"【常時】このカードは攻撃できない。【自壊時】相手フィールド全体に1000ダメージを与える。
基本技：相手モンスター全ての攻撃力を400下げる。",闇の巨像が敵を圧倒し、最後に咆哮を残す。
C0000115,禁断の使徒,闇,1,monster,,300,400,【スピリット】【アビスソウル】,"【召喚時】相手モンスター1体に300ダメージを与える。
基本技：このカードをリリースして次の闇属性モンスターの召喚コストを1軽減する。",禁断の使徒が自らを捧げ、闇の道を開く。
C0000116,時空旅人ソラリア,未来,2,monster,,700,1000,【ヒューマノイド】【トラベラー】,"【召喚時】1枚ドローする。その後、手札を1枚デッキの下に戻す。
基本技: SPトークン1個をレスト状態にし、次のターン終了時まで相手モンスター1体の攻撃力を500下げる（ターンに1度）。",「時空の狭間を彷徨う旅人。ソラリアは過去と未来の断片を手に、エクラシアの運命を覗き見る。」
C0000117,禁忌の波動,闇,4,magic,,,,,場にいる全てのモンスターの効果をターン終了時まで無効化し、相手モンスター全体に場の闇属性モンスター1体につき400ダメージを与える。,禁忌の波動が全てを封じ、闇の力を解き放つ。
C0000118,シャドウ・ドミニオン,闇,6,magic,,,,,手札からカード1枚と追加で闇属性カードを任意の枚数捨てる。追加で捨てたカード1枚につき1体、禁忌カード以外の相手の場にいるモンスターのコントロールをターン終了時まで奪う。その後、奪ったモンスター1体につき、自分のライフを1000減らす。,影の支配が敵を掌握し、代償を払う。
C0000119,闇の宣告,闇,3,magic,,,,,相手の手札を全て公開し、その中から1枚を選んで墓地に送る。このターン、自分の闇属性モンスターの攻撃力を400アップ。,闇の宣告が敵の秘密を暴き、力を増す。
C0000120,禁忌の儀式,闇,5,magic,,,,,自分の場にいるモンスター2体をリリースし、デッキから「ブラック・オラクル」を場に直接召喚（コスト不要）。,禁忌の儀式が、最強の闇を呼び寄せる。
C0000121,聖域の灯守兵,光,1,monster,,400,600,【ヒューマノイド】,【召喚時】自分の手札から光属性モンスター1体を公開し、デッキに戻す。その後、1枚ドローする。,「ルミナリス聖域の民から選ばれた守兵。永遠の灯を守るため、微かな光を手に戦う。」
C0000122,聖域の戦士,光,2,monster,,800,1000,【ヒューマノイド】,基本技: 相手モンスター1体に400ダメージ与える（ターンに1度）。,「聖域を守るために光の刃を手に戦う戦士。ルミナスの加護を受け、闇を切り裂く。」
C0000123,禁忌の王座,闇,3,field,,,,,【常時】自分のライフが2000以下の場合、闇属性モンスターの召喚コストを1軽減。【自分エンドフェイズ時】場にいる闇属性モンスター1体につき、相手プレイヤーに300ダメージ。,禁忌の王座が力を引き出し、敵を蝕む。
C0000124,シャドウ・エンパイア,闇,4,field,,,,,【相手モンスター召喚時】その攻撃力を500下げ、そのモンスターに300ダメージ。【自壊時】自分のライフを1000減らす。,影の帝国が敵を圧倒し、崩壊の代償を払う。
C0000125,ゴシック・ドール,原始,3,monster,,800,1000,【ゴーレム】【パペットマスター】 ,基本技：コスト2以下の相手のモンスター1体を操って味方にする（ターン終了時まで）。,リリカのゴスロリ趣味を反映したコントロールモンスター。
C0000126,ダーク・シャンデリア,闇,4,monster,,1500,2000,【ゴーレム】【パペットマスター】 ,"【召喚時】相手モンスター全ての攻撃力を300下げる。
基本技：相手モンスター全てに300ダメージを与える。",ゴスロリ風の装飾的な攻撃カード。
C0000127,ゴシック・ローズ,原始,2,monster,,600,800,【ゴーレム】【プラント】,【召喚時】デッキから「ゴシック」または「鎖」魔法カード1枚を手札に加える。【自壊時】相手に400ダメージ。,ゴスロリの花モチーフと儚さを表現。
C0000128,鎖縛のメイド,原始,3,monster,,1200,1600,【ヒューマノイド】,"【召喚時】相手モンスター1体の攻撃力をターン終了時まで0にする。
基本技：モンスター1体を次のターン攻撃不能にする。",性奴隷の「鎖」をイメージした妨害モンスター。
C0000129,ゴシック・プリンセス,原始,4,monster,,1800,2300,【ゴーレム】【プリンセス】,【相手モンスター攻撃時】その攻撃力を300下げ、自分のライフを200回復。,リリカの気品をゴスロリで表現した中堅モンスター。
C0000130,檻の中の歌姫,原始,5,monster,,2000,2600,【プリンセス】,"【召喚時】相手の場にいるモンスター1体を「檻」に閉じ込め、1ターン行動不能にする（効果無効）、相手は次のターン開始時にSP1で解除可能。
【自壊時】「檻」からそのモンスターが解放される。",拘束と歌の美しさを融合
C0000131,鎖の守護者,原始,3,monster,,1400,1800,【ゴーレム】【ガーディアン】,"【召喚時】このカードに「守護（1度だけダメージ半減）」を付与する。
基本技：自分の「ゴシック」モンスター1体のHPを500回復する。",仲間を守る拘束モンスター。
C0000132,ゴシック・パペット,原始,1,monster,,300,400,【ゴーレム】【パペットマスター】 ,基本技：このカードをリリースし次の「ゴシック」モンスターの召喚コストを2軽減。,操り人形が自らを捧げ、主のために道を開く。
C0000133,鎖の舞踏,原始,2,magic,【刹那詠唱】,,,,場にいるモンスター1体の攻撃力をターン終了時まで0にし、そのモンスターが破壊されるまで、毎ターン相手プレイヤーに300ダメージを与える。,拘束と持続ダメージを組み合わせ
C0000134,ゴシックの誘惑,原始,3,magic,,,,,相手モンスター1体を手札に戻す。,トリッキーなコントロール
C0000135,檻の牢獄,原始,4,magic,,,,,相手の場にいるモンスター1体を2ターン行動不能にし、そのモンスターの攻撃力の半分を相手プレイヤーにダメージとして与える。,「檻」を強調した強力な妨害。
C0000136,鎖の呪縛,原始,3,magic,【刹那詠唱】,,,,相手モンスター1体に1500ダメージを与える。,手札妨害で相手を削ぐ。
C0000137,ゴシック・レクイエム,原始,5,magic,,,,,場にいる「ゴシック」モンスター1体を破壊し、その攻撃力の2倍のダメージを相手モンスター全体に与える,リスク付きのフィニッシュ技。
C0000138,禁忌のゴシッククラウン,原始,6,monster,【禁忌カード】,2800,3700,【スピリット】【パペットマスター】 ,"【常時】自分のSPトークンはすべてレスト状態になる。【自壊時】自分のライフに2000ダメージ。
基本技：相手の場のカードを全て墓地に送り、その枚数×500ダメージを相手プレイヤーに与える、このターン自分は攻撃できない。
禁忌カード。",リリカの内なる闇と支配欲を極端に表現。
C0000139,ゴシック・フォートレス,原始,3,field,,,,,"「ゴシック」モンスターの攻撃力を400アップ。
【エンドフェイズ時】相手の場にいるモンスター1体の攻撃力を300下げる。",リリカのゴスロリ趣味を反映した強化フィールド。
C0000140,鎖の迷宮,原始,4,field,,,,,【相手モンスター攻撃時】、その攻撃力を次のターンのエンドフェイズ時まで500下げる。,拘束と耐久を両立。
C0000141,禁忌の檻,原始,3,field,,,,,"【自分エンドフェイズ時】場にいる「ゴシック」モンスター1体につき、相手モンスター1体に300ダメージ。
【相手モンスターが召喚時】その効果をターン終了時まで無効化。",性奴隷の「檻」を強調した妨害フィールド。
C0000142,ブリザードマスター,水,4,monster,,1800,2400,【ヒューマノイド】【魔導士】,"【召喚時】デッキから「ブリザード」または「猫」魔法カード1枚を手札に加える。
基本技：相手モンスターの攻撃力を300下げ、600ダメージを与える。 
上級技：相手モンスター1体を「凍結（攻撃力半減＋行動不能）」にする、次のターン開始時に50%で解除。",氷の支配者が、冷気を操り敵を凍らせる。
C0000143,氷猫の使い魔,水,1,monster,,400,500,【ビースト・猫】,"【自分エンドフェイズ時、墓地で発動】墓地の「ブリザードキャット」モンスター1体を手札に戻す（1度だけ）。
基本技：次の「水属性」モンスターの召喚コストを1軽減。",小さな氷猫が、主のために冷気を運ぶ。
C0000144,ブリザードキャット・フロスト,水,2,monster,,800,1000,【ビースト・猫】,"【召喚時】相手モンスター1体を「凍結（攻撃力半減＋行動不能）」にする、次のターン開始時に50%で解除。
基本技：自身の攻撃力の半分のダメージを相手モンスター1体に与える。",霜を纏った猫が、敵を一瞬で凍りつかせる。
C0000145,ブリザードキャット・スノウ,水,3,monster,,1200,1500,【ビースト・猫】,"【召喚時】相手モンスター1体を「凍結（攻撃力半減＋行動不能）」にする、次のターン開始時に50%で解除。。
基本技：相手の場にいるモンスター1体を指定し、その効果をターン終了時まで無効化。",雪のように白い猫が、敵の動きを封じる。
C0000146,氷結の守護猫,水,4,monster,,1600,2500,【ビースト・猫】,"【自破壊時】デッキから「ブリザード」フィールドカード1枚を手札に加える。
基本技：自分の「ブリザードキャット」モンスターのHPを300回復。",氷の守護猫が、仲間を冷たい盾で守る。
C0000147,ブリザードキャット・シャード,水,5,monster,,2000,2600,【ビースト・猫】,"【召喚時】相手モンスター1体に、場にいる「ブリザードキャット」×500ダメージを与える。
基本技：SP1払い、1枚ドローして1枚捨てる。
上級技：このターン、「ブリザードキャット」は2回攻撃が可能。",氷の欠片を纏う猫が、敵を切り裂く。
C0000148,氷の双尾猫,水,3,monster,,1400,1800,【ビースト・猫】,基本技：1度のみ使用可能、手札を1枚捨て自分の墓地の「ブリザードキャット」1体を場に戻す（HP半分）。,双尾の氷猫が、仲間を冷気と共に呼び戻す。
C0000149,ブリザードマスターの愛猫・ミスティ,水,6,monster,,2400,3800,【ビースト・猫】,"【常時】場に「ブリザードマスター」がいる場合、攻撃力が1000アップ。
基本技：相手の場にいるモンスター全ての攻撃力をターン終了時まで半分にする。",主の愛猫が、冷たい霧で敵を包み込む。
C0000150,氷の吐息,水,2,magic,【刹那詠唱】,,,,相手モンスター1体の攻撃力を800下げ、次のターンまで「凍結（攻撃力半減＋行動不能）」にする、相手はターン開始時にSP1支払いで解除可能。,氷の吐息が敵を凍てつき、猫の爪が追い討ちをかける。
C0000151,ブリザードの呼び声,水,3,magic,,,,,デッキからコスト3以下の「ブリザードキャット」モンスター1体を場に召喚（コスト不要）。,吹雪の声が、氷猫を戦場に呼び寄せる。
C0000152,凍てつく爪痕,水,2,magic,,,,,場にいる【ビースト・猫】1体を破壊し、その攻撃力分のダメージを相手モンスターに与える。,氷の爪痕が敵を切り裂き、力を取り戻す。
C0000153,氷猫の遊戯,水,3,magic,【刹那詠唱】,,,,場に「ブリザードキャット」モンスターがいるとき、コスト3以下の相手モンスター1体のコントロールをターン終了時まで奪う。,氷猫が敵を操り、遊びながら破壊する。
C0000154,ブリザードの覚醒,水,5,magic,,,,,場にいる「ブリザードキャット」モンスター1体の攻撃力をターン終了時まで倍にし、相手モンスターへの攻撃を2回行えるようにする。,吹雪の覚醒が、氷猫に究極の力を与える。
C0000155,氷猫の聖域,水,3,field,,,,,【常時】「ブリザードキャット」モンスターの攻撃力を400アップ。【エンドフェイズ時】相手の場にいるモンスター1体の攻撃力を300下げる。,氷猫の聖域が、仲間を強化し敵を弱らせる。
C0000156,凍結の猫森,水,4,field,,,,,【エンドフェイズ時】場に水属性モンスターがいるとき、相手プレイヤーに200ダメージ。【自分エンドフェイズ時】場に「ブリザードキャット」が2体以上いるとき、レスト状態のSPトークンを2個アクティブにする。,凍てついた森で、氷猫が敵を蝕む。
C0000157,ブリザードキャット・エターナル,水,7,monster,【禁忌カード】,3000,4800,【ビースト・猫】,【召喚時】相手の場のモンスター全てを凍結（攻撃力半減＋行動不能、ターン開始時に50%解除）にする。【自分の「ブリザードキャットの氷像」以外の「ブリザードキャット」モンスターが破壊されたとき】場にいる間1体のみ、そのモンスターを「ブリザードキャットの氷像」として攻撃力0、HP100にして墓地から場に戻し、相手モンスター1体に800ダメージを与える。【自壊時】自分のライフを3000減らす。禁忌カード。,永遠の氷猫が、敵を凍結し仲間を呼び戻す。
C0000158,聖光の刃,光,2,magic,,,,,相手のフィールドカード1枚を破壊する。場に光属性モンスターが1体以上いる場合、レスト状態のSPトークンを１つアクティブにする。,聖なる刃が敵の領域を切り裂き、光を強める。
C0000159,潮の還流,水,2,magic,,,,,自分の墓地の水属性モンスター2体をデッキに戻す。その後1枚ドローする。,潮の流れが戻り、力を取り戻す。
C0000160,業火の爆炎,炎,4,magic,,,,,自分の場にいる炎属性モンスター1体を破壊し、その攻撃力の半分を相手プレイヤーに与える。,業火の爆発が敵を焼き尽くし、戦場を焦土に変える。
C0000161,灯魔龍ランプデビル,炎,7,monster,【禁忌カード】,3000,3100,【デーモン】,"【召喚時】場にいる全ての炎属性モンスターに3000ダメージを与え、破壊したモンスター×600のダメージを相手プレイヤーに与える。【自壊時】自分のSPトークンを3個破壊する。
基本技：このターン、炎属性モンスターが相手モンスターを攻撃する場合、攻撃力を倍にする。
上級技：相手プレイヤーに800ダメージを与え、自分のライフを800減らす。
禁忌カード（1枚制限）",魔灯の龍が全てを焼き払い、代償として魂を奪う。
C0000162,死神天使ルシフェリエル,光,7,monster,【禁忌カード】,2800,4200,【エンジェル】【ルミナフォース】 ,"【召喚時】自分の墓地の光属性モンスターを全てデッキに戻し、その枚数×500ライフを回復。【自壊時】相手プレイヤーに1500ダメージを与え、自分のライフを半分にする。
基本技：相手の場にいるモンスター全ての効果を無効化し、相手モンスターに全てに1000ダメージ与える。
上級技：SP1を消費して自分の光属性モンスター1体を「守護（1度だけ受けるダメージ半減）」にする。
禁忌カード（1枚制限）",死神の天使が光と共に裁きを下し、命を刈り取る。
C0000163,岩狸・石ころ丸,炎,1,monster,,400,400,【ビースト・狸】【マグマフォージ】,基本技：チャージを消費してデッキから【ビースト・狸】モンスター1体を手札に加える。,小さな石ころ狸が、仲間を呼び寄せる。
C0000164,岩狸・岩太,炎,2,monster,,800,1000,【ビースト・狸】【マグマフォージ】,"【自壊時】相手プレイヤーに200ダメージを与える。
基本技：自分の【ビースト・狸】モンスター1体のHPを300下げ、攻撃力を300上げる。",頑丈な岩太が、仲間を守り最後の一撃を残す。
C0000165,岩狸・熔岩守,炎,3,monster,,1200,1500,【ゴーレム】【マグマフォージ】,【召喚時】相手モンスター1体の攻撃力を次のターンまで500下げる。【自壊時】デッキから炎属性フィールドカード1枚を手札に加える。,熔岩を纏う守護者が、敵を弱らせ道を開く。
C0000166,岩狸・地割れ狸,炎,3,monster,,1400,1400,【ビースト・狸】【マグマフォージ】,"【自攻撃時】相手の場にいるモンスター1体の効果をターン終了時まで無効化。
基本技：自分のSPを1減らすことで相手の場にモンスターがいてもこのカードはダイレクトアタック可能。",地を割る狸が、敵の力を封じ一気に襲う。
C0000167,岩狸・剛石権蔵,炎,4,monster,,1800,2400,【ビースト・狸】【マグマフォージ】,"【召喚時】墓地の「マグマフォージ」モンスター1体を場に戻す（攻撃力半分）。
基本技：このターン中、場にいる火属性モンスター1体につき攻撃力300アップ。",剛石の権蔵が、仲間と共に力を増す。
C0000168,熱き剣士セイニー,炎,4,monster,,1900,1900,【ヒューマノイド】【マグマフォージ】,【自攻撃時】相手モンスターに400ダメージを与える。自分の場にフィールドカードがある場合、さらに相手プレイヤーに300ダメージ。,溶岩の太鼓が響き、敵に熱波を送る。
C0000169,岩狸・火山頭,炎,5,monster,,2300,2300,【ビースト・狸】【マグマフォージ】,"【召喚時】自分のSPを1減らすことで相手の場にいるモンスター1体に2000ダメージ。
基本技：このカードが場にいる間、相手はフィールドカードを発動できない。",火山の頭を持つ狸が、敵の領域を封じる。
C0000170,岩狸・大岩王,炎,6,monster,,2600,3100,【ゴーレム】【マグマフォージ】,"【常時】場にいる「マグマフォージ」モンスター1体につき攻撃力500アップ。
上級技：チャージを2消費して、デッキから「岩狸」モンスター1体を場に特殊召喚する。",大岩の王が仲間を率い、最後まで戦い抜く。
C0000171,岩狸・熔岩権蔵・極,炎,7,monster,,2800,3600,【ビースト・狸】【マグマフォージ】,"【召喚時】自分の場にいる「岩狸」モンスター1体を破壊し、その攻撃力の半分のダメージを相手プレイヤーに与える。
基本技：相手プレイヤーに600ダメージ。",極めた権蔵が、熔岩の力で敵を焼き尽くす。
C0000172,岩狸・禁忌の熔岩帝,炎,8,monster,【禁忌カード】,3500,4200,【ゴーレム】【マグマフォージ】,【召喚時】場にいる全てのモンスターに3000ダメージを与え、相手プレイヤーに破壊したモンスターの数×400ダメージを与える。基本技：自分の「岩狸」モンスター1体に3000ダメージを与え、相手プレイヤーに800ダメージ。このカードが場を離れると、自分のライフを2000減らす。禁忌カード。,禁忌の帝が全てを焼き払い、代償を払う。
C0000173,熔岩の呼び声,炎,2,magic,,,,,デッキからコスト3以下の【マグマフォージ】モンスター1体を場に召喚（コスト不要）。,熔岩の声が、岩狸を戦場に呼び寄せる。
C0000174,岩狸の咆哮,炎,2,magic,,,,,場にいる【ビースト・狸】モンスター1体の攻撃力をターン終了時まで800アップし、相手モンスター1体の攻撃力を600下げる。,岩狸の咆哮が、敵を震わせ力を増す。
C0000175,地層の炎流,炎,3,magic,,,,,場にいる炎属性モンスターの数×300ダメージを相手プレイヤーに与える。,地層の炎が流れ出し、敵を焼き尽くす。
C0000176,熔岩の罠,炎,2,magic,【刹那詠唱】,,,,相手がモンスターを召喚したターン、そのモンスターの攻撃力を半分にし、次のターンまで行動不能にする。,熔岩の罠が敵を絡め取り、動きを封じる。
C0000177,岩石の守護,炎,3,magic,,,,,このターン、自分の炎属性モンスター1体はダメージを受けない。,岩石の守りが、仲間を炎と共に守り抜く。
C0000178,狸火の誘い,炎,3,magic,【刹那詠唱】,,,,相手モンスター1体の攻撃先を自分の別のモンスターに変更し、その相手モンスターの攻撃力を500下げる。,狸の炎が敵を惑わし、戦場を操る。
C0000179,熔岩再生,炎,4,magic,,,,,墓地のコスト4以下の「岩狸」モンスター2体を場に戻す（攻撃力は半分、HPは半分）。,熔岩が死者を呼び戻し、新たな命を与える。
C0000180,地割れの怒り,炎,4,magic,,,,,場にいる【マグマフォージ】モンスター1体を破壊し、その攻撃力の半分＋1000ダメージを相手に与える。,地割れの怒りが敵を焼き尽くし、戦場を揺らす。
C0000181,岩狸の覚醒,炎,5,magic,,,,,場にいる炎属性モンスター1体の攻撃力をターン終了時まで倍にする。,岩狸の覚醒が、究極の力を解き放つ。
C0000182,熔岩の奔流,炎,5,magic,,,,,場にいる炎属性モンスターの数×300ダメージを自分と相手プレイヤーに与え、自分のSPを1増やす。,熔岩の奔流が敵を飲み込み、力を取り戻す。
C0000183,殲滅の魔導ゴーレム,未来,6,monster,,2800,3000,【ゴーレム】【マシン】 ,"【召喚時】相手フィールド全体に600ダメージを与える。  
基本技: SPトークン2個をレスト状態にし、相手モンスター1体に1500ダメージを与える（ターンに1度）。  
上級技: 自分のHPを1000減らし、相手フィールド全体に1500ダメージを与える。",「ルミナリスの闇を纏う殲滅者。虚蝕の影を焼き払った鋼の破壊者。」
C0000184,狸の業火,炎,4,magic,,,,,自分の場にいる「岩狸」モンスター1体を破壊し、その攻撃力分のダメージを相手に与える。,狸の業火が敵を焼き尽くし、戦場を焦土に変える。
C0000185,岩狸の山里,炎,2,phasecard,,,,,"初期効果: 【常時】場にいる「岩狸」モンスターの攻撃力を300アップ。  
1枚重ね: 【エンドフェイズ時】自分の「岩狸」モンスター1体のHPを400下げ、相手プレイヤーに400ダメージ。  
2枚重ね: 【常時】場にいる「岩狸」モンスターの攻撃力を800アップ。
3枚重ね: 【自分エンドフェイズ時】場にいる「岩狸」モンスター1体につき相手プレイヤーに600ダメージを与え、その後このカードを墓地に送る。",山里の熔岩がうねり、岩狸の力を極限まで引き出す。
C0000186,時空偽造者・ギズネック,未来,4,monster,,1400,2000,【ヒューマノイド】【トラベラー】,"【召喚時】相手の手札を1枚ランダムに選び、次のターン終了時までそのカードを使用不能にする。  
基本技: SPトークン2個をレスト状態にし、コスト4以下の相手モンスター1体を手札に戻す。  
上級技:  チャージ１つを消費して、相手フィールド全体に800ダメージを与える。","「偽の歴史は初めからそうだったように書き換わる。」
"
C0000187,狸の熔岩郷,炎,4,field,,,,,【自分エンドフェイズ時】墓地の「岩狸」モンスター1体を場に戻す（攻撃力半分、HP半分、効果無効）。【エンドフェイズ時】自分のライフを300回復。,熔岩郷が仲間を呼び戻し、力を癒す。
C0000188,炎の岩峰,炎,3,field,,,,,【常時】炎属性モンスターの攻撃力を400アップ。【自分エンドフェイズ時】場に火属性モンスターが3体以上いる場合、相手プレイヤーに500ダメージ。,炎の岩峰が力を増し、敵を焼き尽くす。
C0000189,旅の助っ人,なし,2,monster,,800,1000,【ヒューマノイド】【トラベラー】,"【自分メインフェイズ時、墓地で発動】このカードを除外して、レスト状態のSPトークンを１つアクティブにする。
基本技：デッキからコスト2以下属性なし魔法カード1枚を手札に加える。",旅の助っ人が、道中で力を貸してくれる。
C0000190,守りの歩哨,なし,3,monster,,1000,1300,【ヒューマノイド】【トラベラー】,"【自壊時】自分のライフを300回復。
基本技：自分モンスター1体のHPを1000回復。",歩哨が仲間を守り、最後に癒しを残す。
C0000191,反撃の使者,なし,3,monster,,1200,1300,【ヒューマノイド】,【相手モンスターに攻撃された時】、戦闘終了後にその相手モンスターに1200ダメージを与える。,使者が敵の攻撃を受け、反撃の一撃を放つ。
C0000192,影の運び手,なし,4,monster,,1400,1700,【シャドウ】,【召喚時】自分の墓地のモンスター1体をデッキに戻し、自分のレスト状態のSPトークン１つをアクティブにする。,影が死者を運び、新たな力を与える。
C0000193,一時の休息,なし,1,magic,,,,,自分のライフを800回復する。,一時の休息が、心と体に安らぎをもたらす。
C0000194,急ごしらえの罠,なし,2,magic,【刹那詠唱】,,,,相手モンスターの攻撃力をターン終了時まで500下げ、そのモンスターに500ダメージを与える。,急ごしらえの罠が、敵を一瞬で捕らえる。
C0000195,交換の手札,なし,2,magic,,,,,自分の手札を1枚デッキに戻し、デッキから2枚ドローする（このターン、自分は追加ドローできない）。,手札を交換し、新たな可能性を引き寄せる。
C0000196,援軍の呼び声,なし,4,magic,,,,,デッキからコスト3以下のモンスター1体を場に召喚（コスト不要）。このターン中、そのモンスターは攻撃できず召喚時効果無効。,援軍の声が、仲間を戦場に呼び込む。
C0000197,力の均衡,なし,3,magic,,,,,場にいる攻撃力2000以上のモンスター1体の攻撃力をターン終了時まで半分にする。このターン中に、そのモンスターが破壊されると、自分のSPを1回復。,力の均衡が、強者を弱らせ力を取り戻す。
C0000198,逆転の足音,なし,4,magic,,,,,墓地のモンスター1体を自分の場に戻す（攻撃力は半分）。次のターン、自分のライフを500減らす。,逆転の足音が、死者を呼び戻し代償を求める。
C0000199,永遠の氷結宮殿,水,7,field,【禁忌カード】,,,,【発動時】相手モンスター全体を「凍結」（攻撃半減＋行動不能、ターン開始時50％解除）状態にする。【自分エンドフェイズ時】自分の場に水属性3体以上いる場合、場のモンスター1体を「凍結」状態にする。【相手エンドフェイズ時】凍結モンスター1体につき相手プレイヤーに300ダメージを与える。【常時】自分のSP上限が4になる。【自壊時】自分のライフを2000減らす。,永遠の氷結が全てを凍らせ、代償を払う。
C0000200,禁忌の熔岩大地,炎,6,field,【禁忌カード】,,,,【エンドフェイズ時】場に炎属性3体以上いる場合、場にいる全ての相手モンスターの攻撃力を800下げ、0になったモンスターを破壊する。【自分エンドフェイズ時】自分のライフを800減らし、場に自分の場に炎属性モンスターがいない場合、このカードを破壊。【自壊時】自分のライフを1000減らす。,禁忌の熔岩が敵を焼き尽くし、代償を求める。
C0000201,地獄開城の契約,闇,9,magic,【禁忌カード】,,,,自分のライフを2000減らし、自分のデッキからモンスターを3体まで場に特殊召喚（コスト不要）する。このターン、それらのモンスターの攻撃力は倍になる。ターン終了時、それらのモンスターを全て破壊し、その攻撃力合計分のダメージを自分は受ける。,地獄の契約が力を解き放ち、全てを奪う。
C0000202,嵐の突風,なし,1,magic,,,,,場に存在するフィールドカード1枚を破壊する。自分のSPトークンを一つ破壊する。,嵐の突風が、敵の領域を吹き飛ばす。
C0000203,地盤崩し,なし,3,magic,,,,,場に存在するフィールドカード1枚を破壊し、そのカードのプレイヤーに300ダメージを与える。,地盤が崩れ、敵の基盤を砕く。
C0000204,崩れゆく礎,なし,2,magic,,,,,自分の手札を1枚墓地に捨てなければならない。場に存在するフィールドカード1枚を破壊する。,礎が崩れ、敵の土台を奪う代償を払う。
C0000205,囁く賢者,なし,2,monster,,600,700,【ヒューマノイド】,【召喚時】自分のデッキの上から3枚を確認し、好きな順番で戻す。【墓地に送られたとき】デッキから1枚ドローする。,賢者が囁き、未来を見通す。
C0000206,反逆の剣士,なし,4,monster,,1600,2000,【ヒューマノイド】,基本技：自分のSPを1減らすことで、相手の場にいる攻撃力2000以上のモンスター1体を破壊する。,反逆の剣士が、強者を打ち倒す。
C0000207,知恵の代償,なし,1,magic,,,,,自分のライフを500減らし、デッキから2枚ドローする。このターン、自分は魔法カードを追加で発動できない。,知恵を得るため、代償を払う。
C0000208,逆転の賭け,なし,0,magic,,,,,自分のライフが相手より少ない場合発動できる。自分のライフを100にして、自分のSPトークンを2増やす。,逆転の賭けが、運命を変える。
C0000209,即興の連携,なし,2,magic,【刹那詠唱】,,,,場にいる自分のモンスター1体の攻撃力をターン終了時まで800アップする。このターン中、そのモンスターが戦闘で相手モンスターにダメージを与えた場合、その相手モンスターを破壊する。,即興の連携が、仲間と共に敵を打ち倒す。
C0000210,静寂の帳,なし,3,magic,【刹那詠唱】,,,,このターン、場にいる全てのモンスターの効果を無効化する。発動後、自分の次のターン開始時、自分のライフを600減らす。,静寂の帳が全てを封じ、代償を求める。
C0000211,フルーツ・マリオネット・アップル,光,2,monster,,800,1000,【プラント】【パペットマスター】 ,"【召喚時】デッキからコスト3以下のプラントモンスター1体を墓地に送る。【自分エンドフェイズ時】レスト状態のSPトークンを１つアクティブにする（ターンに1度のみ）。
基本技：自分モンスターの凍結などの状態異常を回復する。",リンゴの健康的なイメージでライフとSPを補助。序盤の安定剤。
C0000212,フルーツ・マリオネット・オレンジ,光,3,monster,,1200,1500,【プラント】【パペットマスター】 ,"【召喚時】デッキから「フルーツ・マリオネット」モンスター1体を手札に加える。
基本技：相手モンスター1体の攻撃力を400下げる。",オレンジの爽やかさでサーチと弱体化。サポート役として柔軟性を持たせる。
C0000213,フルーツ・マリオネット・バナナ,光,4,monster,,1600,2000,【プラント】【パペットマスター】 ,"【自壊時】自分モンスター全てのHPを600回復。
基本技：禁忌カード以外の相手モンスター1体を指定し、そのコントロールをターン終了時まで奪う（この効果で奪ったモンスターは攻撃できない）、場に光属性【プラント】モンスターが2体以上いる場合、次のターン終了時まで継続。",バナナの滑らかさで操り効果。マリオネットらしいトリックと回復を両立。
C0000214,フルーツ・マリオネット・グレープ,光,5,monster,,2000,3000,【プラント】【パペットマスター】 ,"【召喚時】自分の墓地の「プラント」モンスター1体を場に戻す（攻撃力は半分）。
基本技：このカードのHPは場にいる「プラント」モンスター1体×400回復する（上限HP3000）。",ブドウの房のように数を増やし、持続ダメージで圧力をかける中核モンスター。
C0000215,フルーツ・マリオネット・メロン王,光,6,monster,,2400,3600,【プラント】【パペットマスター】 ,"【常時】場にいる「プラント」モンスター1体につき攻撃力400アップ。
基本技：相手の場にいるモンスター1体の効果をターン終了時まで無効化し、ターン終了時まで、その攻撃力を半分にする。",メロンの王様感で高火力と妨害を両立。デッキのフィニッシャー。
C0000216,フルーツの糸引き,光,2,magic,,,,,場に「フルーツ・マリオネット」モンスターがいるとき、そのターン中、禁忌カード以外の相手モンスター1体のコントロールを奪う（そのモンスターは攻撃できない）。このカードを発動したターン、自分のライフを400回復。,マリオネットの糸で操り、フルーツの回復を添えた軽快なサポート魔法。
C0000217,光果の舞踏,光,2,magic,【刹那詠唱】,,,,自分の場に光属性【プラント】モンスターがいるとき、自分の場のモンスター1体を破壊して、そのコスト以下の光属性【プラント】モンスターを手札から召喚できる。,フルーツの輝き。
C0000218,フルーツ・マリオネット劇場,光,3,field,,,,,【常時】光属性「プラント」モンスターの攻撃力を400アップ。【自分エンドフェイズ時】場に光属性モンスターが3体以上いる場合、相手モンスター1体の攻撃力を500下げ、自分のライフを500回復。。,劇場でフルーツ人形が舞うイメージ。
C0000219,団長プニリーヌ・ソフティア,なし,3,monster,,800,1100,【ヒューマノイド】【蛮族】,"【常時】場にいる間、「蛮族」モンスターの攻撃力300アップ。【エンドフェイズ時】HPを500回復。
基本技：デッキから「鉄槍騎士団」モンスター1体を場に召喚できる（コスト必要）。",プニリーヌの包容力と耐久性を反映。彼女がいる限り団員が強く、場を維持する。
C0000220,鉄槍騎士団のゲスール,なし,4,monster,,2000,2200,【ヒューマノイド】【蛮族】,"【エンドフェイズ時】「プニリーヌ」モンスターが場にいる場合、相手モンスター全体に500ダメージ。
基本技：手札を1枚捨てることで相手モンスター1体の攻撃力を0にする。",ゲスールの荒々しさとプニリーヌへの執着を表現。
C0000221,"鉄槍騎士団のマグラ
",なし,3,monster,,1500,1600,【ヒューマノイド】【蛮族】,"【召喚時】相手の手札1枚をランダムに墓地に送る。
基本技：「プニリーヌ」モンスターが場にいる場合、相手の手札1枚をランダムに墓地に送る。",マジスの順番待ちの苛立ちと手札妨害を反映。
C0000222,鉄槍騎士団のウィア,なし,2,monster,,1000,1200,【ヒューマノイド】【蛮族】,"【常時】「プニリーヌ」モンスターが場にいるときこのカードの攻撃力を500アップする。
基本技：自分のライフを500減らすことでデッキから「プニリーヌ・ソフティア」を手札に加える。",ウェイの性格とプニリーヌへの愛着を表現。
C0000223,"鉄槍騎士団のゴロツキ
",なし,1,monster,,600,500,【ヒューマノイド】【蛮族】,基本技：デッキから「鉄槍」魔法かフィールドカード1枚を手札に加える。,団員のサポート役。プニリーヌを支える雑多な存在感。
C0000224,鉄槍騎士団の奴隷プニリーヌ,なし,6,monster,【禁忌カード】,2400,3200,【ヒューマノイド】【蛮族】,"【召喚時】場にいる「蛮族」モンスターの数×600ダメージを相手モンスター全体と相手プレイヤーに与える。【エンドフェイズ時】自分のライフを300減らす。
基本技：相手モンスターの攻撃力を500下げる。
禁忌カード",プニリーヌの究極形態。肉としての過酷さと団員との絆を力に変える。
C0000225,鉄槍の奉仕,なし,2,magic,,,,,「プニリーヌ」が場にいる場合、「蛮族」モンスター1体の攻撃力2倍（ターン終了時まで）。自分のライフを500減らす。,プニリーヌの奉仕精神を攻撃力に変換。
C0000226,順番待ちの苛立ち,なし,3,magic,【刹那詠唱】,,,,相手モンスター1体の攻撃力を2000下げる。「蛮族」モンスターが場に3体以上で効果無効化。,団員の苛立ちを妨害に変換。
C0000227,鉄槍の昼餐,なし,3,magic,,,,,墓地の「蛮族」モンスター2体を手札に加える。「プニリーヌ」モンスターが場にいる場合、自分のライフ1000回復。,昼食時の団員とプニリーヌの絆を再利用と回復に。
C0000228,鉄槍の睡眠罠,なし,5,magic,,,,,次ターン終了時まで相手モンスター全ての攻撃力を1000下げる。場に「プニリーヌ」モンスターがいる場合、さらに攻撃力を500下げて行動不能にする。自分の「プニリーヌ」モンスターはこのターン攻撃できない。,プニリーヌの睡眠を強力な妨害に。
C0000229,鉄槍騎士団の宿舎,なし,3,field,,,,,【常時】「鉄槍」モンスターの攻撃力を400上げる。【エンドフェイズ時】「プニリーヌ」モンスターが場にいればレスト状態のSPを１つアクティブにする。場に【蛮族】モンスターが3体以上いるとき相手モンスター全体に200ダメージを与え、攻撃力を200下げる。,宿舎の雑多さとプニリーヌの存在感を強化。
C0000230,永遠の灯の祈り,光,2,phasecard,,,,,"初期効果: 【発動時】場にいる光属性モンスターに【魔障壁（相手の魔法の効果を受けない）】を付与。  
1枚重ね: 【自分エンドフェイズ時】光属性モンスター1体のHPを500回復し、相手モンスター1体の攻撃力を400下げる。  
2枚重ね: 【自分光属性モンスター召喚時】そのモンスターのHPを800アップし【魔障壁】付与。  
3枚重ね: 自分の光属性モンスター全体のHPを1000アップし、相手フィールド全体に800ダメージを与える。その後、このカードを墓地に送る。",「ルミナリス聖域に響く祈りが永遠の灯を呼び覚ます。光は闇を払い、希望を紡ぐ。」
C0000231,幼魔王女リリカ,闇,5,monster,,2300,2800,【魔族】,"【召喚時】デッキから「ゴシック」または「鎖」魔法カード1枚を手札に加える。
基本技：自身の攻撃力の半分のダメージを相手モンスター1体に与え、その攻撃力を500下げる。",「わたくしがあなた様に奉仕してあげますわ！」
C0000232,奉仕のリリカ,闇,3,monster,,1200,1600,【魔族】,"【召喚時】自分のSPトークンを１つアクティブにする。
基本技：相手モンスター1体の効果をターン終了時まで無効化。",「あなた様の力をたっぷり搾り取りますわ！」
C0000233,水漏れのリリカ,水,2,monster,,800,1000,【魔族】,"【召喚時】相手の場にいるモンスター1体を「濡れ」状態にする（次のターン終了まで受けるダメージ倍）。
基本技：自分のライフを300回復。",「うぅ…おねしょなんて恥ずかしいですわ。」
C0000234,撮影会のリリカ,光,4,monster,【魔障壁】,1600,2000,【魔族】,"【常時】相手の魔法カードの発動をターンに1度無効化。
基本技：場にいる限り一度だけ、自分の墓地の「ゴシック」モンスター1体を場に戻す（攻撃力半分）。",「わたくしの可愛い姿、たっぷり撮ってくださいませ」
C0000235,プリンセス狂いのリリカ,光,3,monster,,1200,1500,【魔族】,"【召喚時】デッキから「プリティ☆プリンセス」魔法カード1枚を発動する（コストなし）。
基本技：「プリティ☆プリンセス」魔法カードをデッキから手札に加える。",「プリンセスがキラキラ踊るの、最高ですわ♡ あなた様も一緒にどうですの？」
C0000236,プリティ☆プリンセス,光,2,magic,,,,,場にいる「リリカ」と名の付くモンスター1体の攻撃力をターン終了時まで1000アップし、相手モンスターに300ダメージを与える。,「キラキラ魔法で勝利ですわ！ あなた様も応援してくださいませね♡」
C0000237,幼魔王女の誘惑,闇,3,magic,【刹那詠唱】,,,,場に「リリカ」と名のつくモンスターがいるとき発動でき、禁忌カード以外の相手モンスター1体のコントロールをターン終了時まで奪う。,「わたくしを見ててくださいませ、 抗えませんわよ！」
C0000238,おしおきの鎖,原始,2,magic,【刹那詠唱】,,,,"相手モンスター1体の攻撃力を800下げ、次のターンまで行動不能。  
場に「リリカ」と名の付くモンスターがいる場合、このターン、自分の場の「リリカ」モンスター1体の攻撃力を800アップ。",「あなた様に叩かれちゃうのも悪くありませんの！」
C0000239,散歩の思い出,なし,1,magic,,,,,自分のモンスター1体のHPを500回復する。,「あなた様と歩いて…幸せですわ」
C0000240,魔界の幼魔王城,闇,4,field,,,,,【常時】「リリカ」と名の付くモンスターの攻撃力を500アップ。【エンドフェイズ時】自分の墓地の「リリカ」モンスター1体をデッキに戻したら、相手プレイヤーに300ダメージ。,「わたくしの城へようこそ。奉仕と支配、たっぷり味わってくださいませ」
C0000241,ご主人様,光,6,monster,,2400,3600,【ヒューマノイド】,"【召喚時】SP2を消費してデッキまたは墓地から「リリカ」と名の付くモンスター1体を場に召喚する（攻撃力半分、HP半分）。
基本技：「リリカ」と名の付くモンスター1体の攻撃力を500上げる。",「リリカのおかげでこんな人生に…。お前を守るのが俺の役目だな。」
C0000242,ご主人様のアパート,なし,3,field,,,,,【常時】「ご主人様」または「リリカ」と名の付くモンスターの攻撃力を400アップ。【自分エンドフェイズ時】「ご主人様」が場にいるとき、1枚ドローする。,「来てから毎日が楽しくてさ。ずっと一緒にいようぜ。」
C0000243,ご主人様のおしおき,なし,3,magic,【刹那詠唱】,,,,相手モンスター1体の攻撃力を0にし、次のターンまで行動不能。自分の「ご主人様」または「リリカ」モンスター1体の攻撃力を1000増やす。,「罰だな。今度はちゃんと我慢しろよ！」
C0000244,鎖縛の幻姫リアノン,原始,3,monster,,1200,1600,【スピリット】【鎖】,基本技：相手モンスター1体の効果を無効化し、次のターン終了時までそのモンスターを行動不能にする。,スピリットレルムのカード。
C0000245,鎖の守護霊リアリス,原始,2,monster,,800,1000,【スピリット】【鎖】,【相手攻撃時】場に『鎖縛の幻姫リアノン』がいる場合、相手の攻撃を1ターンに1度無効化し、相手モンスターに500ダメージを与える。,スピリットレルムのカード。
C0000246,鎖縛の禁忌姫リアノン・エターナル,原始,7,monster,【禁忌カード】,2800,3600,【スピリット】【鎖】,"【召喚時】相手モンスター1体を1ターン行動不能にする。【常時】相手の魔法カードを1ターンに1度無効化する。【自壊時】2000ダメージを受ける。
基本技：デッキか墓地から『鎖縛の幻姫リアノン』を特殊召喚する。",スピリットレルムのカード。
C0000247,鎖の共鳴,原始,3,magic,,,,,場に『鎖縛の幻姫リアノン』または『鎖縛の禁忌姫リアノン・エターナル』がいる場合、その攻撃力をターン終了時まで1000アップし、相手モンスター1体を次のターンまで行動不能にする,スピリットレルムのカード
C0000248,輝鎖の聖姫ルミリア,光,6,monster,,2500,3500,#REF!,【召喚時】場にいる光属性モンスター1体につき相手に500ダメージを与え、次のターンまで相手モンスター全ての攻撃力を半分にする。【常時】場に『鎖縛の幻姫リアノン』または『鎖縛の禁忌姫リアノン・エターナル』がいる場合、このカードの攻撃力を1000アップする。基本技：自分のライフを1000回復する。,スピリットレルムのカード
C0000249,ミランの使い魔未来鴉,未来,2,monster,,600,900,【鳥・カラス】,"【召喚時】デッキの上から3枚を見て、好きな順番で戻す。
基本技: このターン中、手札の「鴉」モンスターのコストを1下げる。",「ククッ、この鴉が未来を覗いてやるよ。驚く準備はできてるかい？」 - ミラン
C0000250,時空渡りのカモメ,未来,3,monster,,1200,1500,【鳥・カモメ】,"【召喚時】相手の手札を1枚ランダムに墓地に送る。
基本技：このカードの攻撃力をターン終了時まで800アップ。",「未来は俺の手の中さ。さて、お前はどう動く？」 - ミラン
C0000251,紫鴉の魔導士ミラン,未来,5,monster,,2000,3000,【魔導士】,"【召喚時】デッキから「未来」属性魔法カード1枚を手札に加える。
基本技：自分のデッキの上から1枚を見て、デッキの上か下に置く。
上級技：デッキから「時の」と名のついたコスト4の未来属性魔法カードを発動する。",「クククッ、未来は俺の掌の上だ。お前らには見えない運命を教えてやるよ。」 - ミラン
C0000252,未来鴉の群れ,未来,4,monster,,1600,2000,【鳥・カラス】,"【自壊時】デッキから「未来」モンスター1体を墓地に送り、1枚ドローする。
基本技：デッキから「未来」カードを場の未来モンスターにチャージする。",「鴉の群れが時を乱す。お前には手に負えないさ。」 - ミラン
C0000253,未来の紫翼,未来,3,magic,,,,,デッキからコスト3以下の「未来」モンスター1体を場に召喚。このターン、自分の「未来」モンスターが相手プレイヤーに与えるダメージを500増やす。,「紫の翼が未来を切り開く。俺の勝利は確定済みさ。」 - ミラン
C0000254,時の歪曲,未来,4,magic,【刹那詠唱】,,,,相手モンスター1体の攻撃力をターン終了時まで0にする。場に「紫鴉の魔導士ミラン」がいる場合、相手モンスター1体に2000ダメージを与える。,「時間を歪めてやるよ。ククッ、後悔しても遅いぜ。」 - ミラン
C0000255,未来の鴉予言,未来,2,magic,,,,,自分のデッキの上から5枚を見て、1枚を手札に加え、残りを好きな順番で戻す。,「鴉が囁く未来の声。お前には聞こえないだろうな。」 - ミラン
C0000256,紫時空の幻鴉,未来,3,monster,,1100,1300,【鳥・カラス】【トラベラー】,"【召喚時】自分の墓地の「未来」カード1枚を手札に加える。
基本技：相手モンスター1体に500ダメージを与える。
上級技：このカードのHPを半減して分裂する。",「時空を超えた鴉が俺の味方さ。お前には未来がないよ。」 - ミラン
C0000257,時読みの塔,未来,3,field,,,,,【常時】「未来」モンスターの攻撃力を400アップ。【エンドフェイズ時】相手のデッキの1番上のカードを確認して、デッキの1番下に送るか、そのまま戻すか選択する。,「時計の針が未来を刻む。俺の勝ちが近づいてるぜ。」 - ミラン
C0000258,禁忌の鴉王ミラン,未来,7,monster,【禁忌カード】,2800,4200,【鳥・カラス】,"【召喚時】このカード以外の場にいる全てのモンスターの効果をターン終了時まで無効化し、相手モンスター全体に1000ダメージを与える。【自分の「未来」モンスターが破壊された時】相手プレイヤーに800ダメージ。【自壊時】自分のライフを2000減らす。
基本技：自分のデッキの上から5枚を見て、1枚を手札に加え、残りを好きな順番で戻す。
上級技：勝負中1度のみ使用可能、相手のデッキの上から2枚を「カラス人形（攻撃0、HP200、コスト2、未来属性）」に変換する。",「クククッ、俺が鴉王だ。未来も過去も俺が支配するぜ！」 - ミラン
C0000259,素晴らしい未来への誘導,未来,3,magic,,,,,次の相手ターン開始時、相手が引くカードを1枚見て、デッキの上か下に置く。そのターン、自分の『未来』モンスターの攻撃力を500アップ。,
C0000260,預言者モナビン,未来,4,monster,,1800,2000,【ヒューマノイド】,"【召喚時】次の自分のターン開始時まで相手の手札を公開。
基本技：相手モンスター1体に600ダメージ。",
C0000261,アクセラレート,未来,3,magic,,,,,自分の次のターン開始時まで、自分の『未来』モンスターの基本技を2回使用可能。次の自分ターン開始時、１つSPトークンをレスト状態にする。,
C0000262,時の遅延,未来,4,magic,,,,,相手の次のターン開始時まで、相手モンスターの基本技と上級技を封じる。場に『未来』モンスターがいる場合、相手プレイヤーに500ダメージ。,
C0000263,未来の分岐,未来,5,field,,,,,【自分のターン開始時】自分のデッキ上3枚を見てコスト5以下の未来属性モンスター1体を場に召喚（コスト無視）、残りを墓地に送る。【自分の『未来』モンスターが破壊される時】自分に300ダメージ。,
C0000264,時の逆流,未来,4,magic,,,,,"自分の墓地の『未来』カード3枚をデッキに戻し、自分のライフを1000回復。その後、相手モンスター1体の攻撃力をターン終了時まで半減。
",
C0000265,鴉の幻影,未来,3,monster,,1000,1000,【スピリット】,【自壊時】デッキから『未来』属性モンスター1体を特殊召喚（コスト2以下）。そのモンスターの攻撃力をターン終了時まで倍にする。,
C0000266,エクラシアの時空炉,未来,2,phasecard,,,,【エクラシア】【マシン】,"初期効果: 【発動時】自分のデッキ上1枚を見て、それが「未来」カードなら手札に、違えば墓地に送る。 
1枚重ね: 【常時】「未来」モンスターの攻撃力を400アップ。   
2枚重ね: 【常時】「エクラシア」モンスターのコストを1下げる。  
3枚重ね: 自分の「未来」モンスター全体の攻撃力をターン終了時まで2000アップし、相手モンスター全体の攻撃力を1500下げる。その後、このカードを墓地に送り、次のターン開始時、自分に2000ダメージ。",「星々の力を宿した炉が時を刻む。しかし、その輝きは崩壊の序曲にすぎなかった。」
C0000267,星翼の飛舟エクラオン,未来,5,monster,,2300,2500,【マシン】【エクラシア】,"【召喚時】自分のデッキ上3枚を見て、未来モンスター1枚を手札に加え、残りを好きな順番で戻す。  
基本技: デッキからコスト4以下の「未来」モンスター1体を召喚。  このカードをデッキの下に戻す。
場を離れる時、相手プレイヤーに600ダメージ。","「黄金時代、空を舞った飛舟。今は虚蝕の霧を切り裂く。」
"
C0000268,虚蝕の魔導兵,未来,4,monster,,1800,2000,【虚蝕】【ウィザード】,"【召喚時】相手のデッキ上2枚を墓地に送り、その中のモンスター1体につき300ダメージ。  
基本技: 自分の墓地の「未来」カード1枚をデッキに戻し、このカードの攻撃力をターン終了時まで800アップ。","「虚蝕に侵されし兵士。未来を奪う黒い刃と化した。」
"
C0000269,永遠の灯の残響,未来,3,magic,,,,【エクラシア】,"自分の墓地のコスト4以下「未来」モンスター1体を場に召喚。そのモンスターはターン終了時まで破壊されない。  
場に「エクラシアの時空炉」がある場合、コスト4以上も召喚可能。","「神々の灯は消えても、その残響は未来を照らす。」
"
C0000270,ヴォイドゲートの遺構,未来,3,field,,,,【虚蝕】,"【常時】「未来」モンスターの召喚時にそのHPを600アップ。  
【エンドフェイズ時】自分のデッキ上1枚を墓地に送り、それが「未来」カードなら相手モンスター1体の攻撃力を500下げる。",「次元裂け目の残骸。虚蝕が未だに囁き続ける。」
C0000271,黄金の時姫エクラリア,未来,7,monster,,2800,3200,【エクラシア】,"【召喚時】自分のデッキ上5枚を見て、コスト6以下のモンスター1枚を場に召喚、残りを好きな順番で戻す。  
【常時】自分の「未来」モンスターが与えるダメージを500増やす。  
基本技: 自分の墓地の「未来」カード1枚をデッキに戻し、レスト状態のSPトークン１つをアクティブにする（ターンに1度）。  
上級技: 勝負中1度のみ、自分のデッキ上3枚を公開し、1枚を場に召喚（コスト無視）。そのターン終了時、このカード以外の自分のモンスターをすべて墓地に送る。",「エクラシア黄金時代の姫君。星々の灯を手に、未来を導いた彼女の微笑みは永遠だった。」
C0000272,虚蝕の崩姫エクラリア,未来,8,monster,【禁忌カード】,3500,4500,【エクラシア】【虚蝕】,"【召喚時】相手のデッキ上5枚を墓地に送り、その中のモンスター1体につき500ダメージを相手プレイヤーに与える。  
【自壊時】自分のライフを2500減らす。
基本技: 相手モンスター1体の攻撃力をターン終了時まで1000下げ、そのモンスターが場を離れた時、相手プレイヤーに600ダメージ。  
上級技: 勝負中1度のみ、自分の墓地の「未来」カードを3枚をデッキに戻し、その後、相手フィールド全体に3000ダメージを与える。  ",「虚蝕に呑まれた黄金の姫。大崩壊の果て、彼女は未来を滅ぼす影と化した。」
C0000273,エクラリアの残影,未来,3,magic,,,,【エクラシア】,"自分のデッキから「エクラリア」と名のついたモンスター1体を手札に加える。  
場に「黄金の時姫エクラリア」がある場合、自分のSPを1増やす。  
場に「虚蝕の崩姫エクラリア」がある場合、相手モンスター1体の攻撃力をターン終了時まで1000下げる。",「黄金の姫も虚蝕の影も、彼女の名はエクラシアに響き続ける。」  
C0000274,星辰の魔導術師,未来,4,monster,,1600,2200,【エクラシア】【ウィザード】,"【召喚時】自分のデッキ上2枚を見て、1枚を手札に加え、残りをデッキ下に戻す。  
基本技: 場に「エクラリア」モンスターがいる場合、自分のデッキからコスト4以下「未来」魔法カード1枚を手札に加える。",「星々の力を操り、エクラシアの黄金を支えた魔導師。」
C0000275,虚蝕に染まる騎士,闇,5,monster,,2000,1800,【虚蝕】【ソルジャー】,"【召喚時】自分のデッキ上1枚を墓地に送り、それが「未来」属性なら自分の「闇」モンスター1体の攻撃力を800アップ、違えば自分ライフに800ダメージ。  
基本技: このカードを墓地に送り、自分のデッキのコスト6の未来属性魔法カードを手札に加える。
上級技：相手のデッキ上1枚を墓地に送り、それが「未来」カードなら、自分の「闇」モンスター全体の攻撃力を500アップ。 ",「虚蝕に呑まれた黄金の騎士。未来を失い、闇に沈む。」
C0000276,大崩壊の刻,未来,6,magic,,,,【虚蝕】,"自分のデッキ上3枚を墓地に送り、その中の「未来」カード1枚につき自分のレスト状態のSPトークンをアクティブにする。  
その後、場にいるモンスター全体の攻撃力をターン終了時まで1000下げ、場のモンスター全体に1500ダメージを与える。",「エクラシアが崩れ落ちた瞬間。虚蝕が全てを覆い尽くした。」  
C0000277,星屑の時導術,未来,2,magic,【刹那詠唱】,,,【エクラシア】,"自分のデッキ上3枚を見て、1枚を手札に加え、残りを好きな順番で戻す。  
場に「エクラリア」と名のついたモンスターがいる場合、ターン終了時まで自分のモンスターの攻撃力を300アップ。",「星屑が時を導く。黄金時代の術は今も輝きを放つ。」 
C0000278,"灯守の少女
",未来,2,monster,,800,1200,【エクラシア】【ヒューマノイド】,"【召喚時】自分のデッキ上1枚を見て、それが「未来」カードなら手札に、違えばデッキ下に。  
【場を離れる時】自分の墓地の「未来」カード1枚をデッキに戻す。","「永遠の灯を守る少女。彼女の小さな手がエクラシアの未来を支えた。」  
"
C0000279,虚蝕の残響者,未来,2,monster,,600,1000,【虚蝕】【スピリット】,"【召喚時】相手のデッキ上1枚を墓地に送る。  
基本技: 自分のデッキ上1枚を墓地に送る、それが「未来」カードなら相手プレイヤーに300ダメージ、違えばこのカードに300ダメージ。",「虚蝕に呑まれた民の声。大崩壊の残響は今も大地に響く。」  
C0000280,星灯の少女エクラリア,未来,3,monster,,1400,1800,【エクラシア】【ヒューマノイド】,"【召喚時】自分のデッキから「エクラシアの時空炉」1枚を手札に加える。  
【自分メインフェイズ時】1ターンに1度、自分のモンスターが場に召喚されたとき、自分のデッキ上1枚を見て、それが「未来」カードならレスト状態のSPトークン１つをアクティブにする。  
基本技: このカードを手札に戻し、手札からコスト4以下の「未来」モンスター1体を召喚。",「黄金時代以前、星々の灯を手に未来を見つめた少女。彼女の夢がエクラシアの礎となった。」
C0000281,毒使いカムラ,闇,4,monster,【毒侵】,1800,2300,【ヒューマノイド】【ポイズンウェイル】,"【召喚時】自分のモンスター1体の状態異常を回復。
【毒侵】このカードが相手プレイヤーにダメージを与えた時、相手を毒状態（毎ターン終了時100ダメージ）にする",「毒も薬も俺の手の中。苦しめるか癒すか、選ぶのは俺だ。」
C0000282,暗殺者の亡魂,闇,2,monster,,800,1000,【スピリット】,【自壊時】相手に600ダメージを与える。,「捨てられた暗殺者たちの怨念が、毒となって敵を蝕む。」
C0000283,酸毒竜,水,5,monster,【毒侵】,2000,3000,【ドラゴン】【ポイズンウェイル】,"【自分エンドフェイズ時】相手に300ダメージを与える。
【毒侵】このカードが相手プレイヤーにダメージを与えた時、相手を毒状態（毎ターン終了時100ダメージ）にする",「黒い竜が吐く酸は、触れる者を溶かし尽くす幻を植え付ける。」
C0000284,白蛇の牙,水,3,monster,【毒侵】,1200,1800,【スネーク】【ポイズンウェイル】,"【毒侵】このカードが相手プレイヤーにダメージを与えた時、相手を毒状態（毎ターン終了時100ダメージ）にする。
基本技: 相手モンスター1体を「凍結」（攻撃半減・攻撃不可・技不可、ターン開始時に50％解除）にする。",「白い蛇の鋭い牙が、敵を痺れさせ動けなくする。」
C0000285,薬師の助手ミミカ,光,3,monster,,1400,1500,【ヒューマノイド】【ポイズンウェイル】,"【自分のライフが回復したとき】SPトークン１つをアクティブにする。
基本技：モンスター1体の状態異常を回復。",「薬屋の主が微笑む時、毒さえ癒しに変わる。」
C0000286,毒草の調合,なし,2,magic,,,,,自分のライフを600減らし、デッキから【ポイズンウェイル】モンスター1体を手札に加える。,「新種の毒草を味わう喜びは、命を削る価値がある。」
C0000287,癒しの猛毒,光,2,magic,,,,,自分のライフを1000回復し、相手プレイヤーに500ダメージを与える。,「毒で治す技術は、暗殺者から薬師への贈り物だ。」
C0000288,酸の霧,水,2,magic,【刹那詠唱】,,,,相手モンスター1体の攻撃力をターン終了時まで0にする。,「霧のように広がる酸が、敵の力を溶かし尽くす。」
C0000289,薬師の隠れ家,なし,3,field,,,,,【常時】場にいる「毒」と名の付くモンスターの攻撃力を400アップ。【自分エンドフェイズ時】自分のライフを300回復。,「召喚士の街の片隅で、毒と薬が静かに息づく。」
C0000290,無のソルジャー,なし,1,monster,,400,500,【ヒューマノイド】,なし,「何もない平原を歩む、名もなき兵士。」
C0000291,無のソルジャーII,なし,2,monster,,800,900,【ヒューマノイド】,なし,「静寂の中、ただ剣を手に持つ影。」
C0000292,炎のソルジャー,炎,1,monster,,500,500,【ヒューマノイド】,なし,「燃える槍を手に、熱風の中を進む。」
C0000293,炎のソルジャーII,炎,2,monster,,900,1000,【ヒューマノイド】,なし,「炎の鎧を纏い、敵を焼き尽くす準備を整える。」
C0000294,水のソルジャー,水,1,monster,,400,500,【ヒューマノイド】,なし,「波間に揺れながら、静かに剣を構える。」
C0000295,水のソルジャーII,水,2,monster,,800,1100,【ヒューマノイド】,なし,「水流と共に動き、敵を押し流す戦士。」
C0000296,光のソルジャー,光,1,monster,,400,500,【ヒューマノイド】,なし,「輝く盾を持ち、闇を切り裂く歩兵。」
C0000297,光のソルジャーII,光,2,monster,,800,1000,【ヒューマノイド】,なし,「聖なる光を背に、静かに戦場に立つ。」
C0000298,闇のソルジャー,闇,1,monster,,500,600,【ヒューマノイド】,なし,「影の中から現れ、静かに敵を狙う。」
C0000299,闇のソルジャーII,闇,2,monster,,900,1000,【ヒューマノイド】,なし,「闇の刃を手に、夜の戦場を駆ける。」
C0000300,未来のソルジャー,未来,1,monster,,400,500,【ヒューマノイド】,なし,「時を超えた戦士、未来の戦場を見据える。」
C0000301,未来のソルジャーII,未来,2,monster,,800,1000,【ヒューマノイド】,なし,「時間の歪みの中、運命を切り開く兵士。」
C0000302,鉄槍のソルジャー,なし,1,monster,,500,600,【ヒューマノイド】【蛮族】,なし,「鉄槍を手に持つ、騎士団の新兵。」
C0000303,鉄槍のソルジャーII,なし,2,monster,,900,1000,【ヒューマノイド】【蛮族】,なし,「仲間と共に槍を構え、戦場に立つ戦士。」
C0000304,粘液獣・幼体,原始,2,monster,【変幻身】,100,100,【ビースト】【スライム】,【変幻身】メインフェイズにSPコストを2払うことで場のこのモンスターを別の形態に変化する。,「未熟な粘液が蠢き、やがて王へと成長する。」
C0000305,フレア・リザード,炎,2,monster,【変幻身】,500,500,【ワイバーン】,【変幻身】メインフェイズにSPコストを2払うことで場のこのモンスターを別の形態に変化する。,「小さな炎を纏う爬虫が、龍へと覚醒する一歩手前。」
C0000306,アクア・スネーク,水,2,monster,【変幻身】,200,700,【スネーク】,【変幻身】メインフェイズにSPコストを2払うことで場のこのモンスターを別の形態に変化する。,「水面を滑る蛇が、やがて深海の王者へと姿を変える。」
C0000307,輝くペガサス,光,2,monster,【変幻身】,400,600,【幻獣】,【変幻身】メインフェイズにSPコストを2払うことで場のこのモンスターを別の形態に変化する。,「光の翼を持つ馬が、天界の聖獣へと昇華する。」
C0000308,シャドウ・クロウ,闇,2,monster,【変幻身】,400,600,【鳥・カラス】,【変幻身】メインフェイズにSPコストを2払うことで場のこのモンスターを別の形態に変化する。,「闇に潜む鴉が、禁忌の王へと羽ばたく準備を整える。」
C0000309,未来の雛鴉,未来,2,monster,【変幻身】,300,400,【鳥・カラス】,【変幻身】メインフェイズにSPコストを2払うことで場のこのモンスターを別の形態に変化する。,「時を覗く幼鴉が、紫の魔導士へと成長する第一歩。」
C0000310,鉄槍の訓練兵,なし,2,monster,【変幻身】,500,600,【ヒューマノイド】【蛮族】,【変幻身】メインフェイズにSPコストを2払うことで場のこのモンスターを別の形態に変化する。,「鉄槍を手に訓練する若者が、騎士団の柱へと鍛え上げられる。」
C0000311,粘液獣・暴君,原始,5,monster,,2000,2600,【スライム】,"【召喚時】場にいるモンスター1体を破壊する。【自分エンドフェイズ時】相手プレイヤーに400ダメージを与える。
基本技: このカードの攻撃力を200上げる。
上級技: このカードの攻撃力を400上げる",「成長を終えた粘液が全てを飲み込み、王として君臨する。」
C0000312,フレア・ワイバーン,炎,4,monster,,1800,2000,【ワイバーン】,"【自攻撃時】このカードと相手プレイヤーに300ダメージを与える。
基本技: 相手モンスター1体に600ダメージ与える。",「炎の翼を広げた爬虫が、天空を焼き尽くす龍となる。」
C0000313,アクア・リヴァイアサン,水,6,monster,,2400,3600,【スネーク】,"【召喚時】相手の場にいるモンスター全ての攻撃力をターン終了時まで500下げる。
上級技: SP1を払い、次の相手ターン開始フェイズに相手のSPトークンを１つレスト状態にする。",「深海を支配する巨大な蛇が、王者として敵を押し潰す。」
C0000314,聖光フェニックス,光,5,monster,,2000,3000,【フェニックス】,【自壊時】次のターンに攻撃力1500で場に戻る（バトル中1度だけ）。,「光の翼が炎に変わり、天界の聖獣として永遠に舞う。」
C0000315,シャドウ・ネクロレイヴン,闇,4,monster,,1800,2200,【鳥・カラス】,"【自攻撃時】相手モンスター1体に400ダメージを与える。
基本技:チャージを消費する。相手の手札を1枚ランダムに墓地に捨てる。",「闇の鴉が死を呼び、禁忌の王として戦場を支配する。」
C0000316,未来鴉の預言者,未来,5,monster,【未来予知】,2000,3000,【鳥・カラス】,【自分ターン開始時】相手のデッキの上から1枚を見てデッキの上か下に置く。,「時を操る鴉が、紫の魔導士として未来を予言する。」
C0000317,鉄槍の騎士長,なし,4,monster,,1900,2500,【ヒューマノイド】【蛮族】,【常時】自分の「鉄槍」モンスターの攻撃力を300アップ。,「鍛え抜かれた騎士が、鉄槍騎士団の柱として仲間を率いる。」
C0000318,雷鳴の使者,光,2,monster,,1000,1200,【ヒューマノイド】,"【召喚時】相手モンスター1体の攻撃力をターン終了時まで500下げる。
基本技：自身の攻撃力を500下げて、500ダメージを相手モンスター1体に与える。",雷鳴と共に現れ、嵐の到来を告げる使者。
C0000319,嵐光の騎士,光,4,monster,【威圧吼】,1800,2200,【ヒューマノイド】,"【自分光属性モンスター攻撃時】相手モンスターに300ダメージを与える。
基本技：自身の攻撃力の半分のダメージを相手モンスターに与える。",嵐の中、雷光を纏う騎士が敵を威圧する。
C0000320,雷帝ヴォルトロン,光,6,monster,【残魂】,2600,3900,【カイザー】,【召喚時】相手の場にいるモンスター1体を破壊し、その攻撃力の半分のダメージを相手モンスター1体に与える。,雷帝の裁きが嵐を呼び、全てを焼き尽くす。
C0000321,電刃の執行者,光,3,monster,,1000,1800,【マシン】,【自攻撃時】相手モンスターを破壊した場合、もう一度攻撃が可能。,雷刃を手に持つ執行者が、正義の鉄槌を下す。
C0000322,嵐の雛雷鳥,光,2,monster,,400,1200,【鳥】,【召喚時】デッキから「雷」または「嵐」と名の付くカード1枚を手札に加える。,幼き雷鳥が嵐を呼び、やがて天を支配する。
C0000323,雷鳴の裁き,光,3,magic,【刹那詠唱】,,,,場にいるモンスター1体の攻撃力を1200下げ、次のターン終了まで攻撃不能にする。場に光属性モンスターがいる場合、相手モンスター全体に300ダメージを与える。,雷鳴が轟き、正義の裁きが敵を打ち砕く。
C0000324,嵐の咆哮,光,4,magic,,,,,場にいる光属性モンスターの数×400ダメージを相手モンスター全体に与える。このターン、自分の光属性モンスターの攻撃力が300アップ。,嵐が咆哮し、光の力が敵を飲み込む。
C0000325,電光の浄化,光,2,magic,,,,,相手の場にいるモンスター1体の効果をターン終了時まで無効化する。自分の場に光属性モンスターがいるときライフを800回復する。,電光が闇を切り裂き、清浄な光が癒しをもたらす。
C0000326,雷嵐の聖域,光,3,field,,,,,【常時】場にいる光属性モンスターの攻撃力を500アップ。【自分エンドフェイズ時】相手モンスターがいる場合、ランダムに1体を「雷撃」状態にする（次のターン中攻撃力-500、技不能）。,雷嵐が吹き荒れる聖域で、光の戦士が力を増す。
C0000327,雷嵐龍サンダーストーム・レックス,光,7,monster,【残魂】,3000,4500,【ドラゴン】,【召喚時】相手の場にいるモンスター1体を「雷撃」状態にする（次のターン中攻撃力-500、技不能）。基本技：相手モンスター全体に600ダメージを与える。上級技：SP1消費して相手モンスター全体に1200ダメージを与える。,雷と嵐を従える龍王が天を裂き、裁きの雷鳴を轟かせる。
C0000328,雷鳴の斥候,光,1,monster,,500,700,【スピリット】,"【召喚時】デッキから「雷」または「嵐」と名の付くコスト3以下のモンスター1体を手札に加える。  
基本技: このカードを墓地に送り、自分の墓地の「雷」と名の付くモンスター1体をデッキに戻す。",「雷鳴の先駆けとして嵐を呼び寄せ、敵の隙を伺う斥候。」
C0000329,嵐の雷撃獣,光,2,monster,,1000,1200,【ビースト】,"【召喚時】相手モンスター1体を「雷撃」状態にする（次のターン中攻撃力-500、技不能）。  
基本技: 自分の場にこのカード以外の「雷」または「嵐」と名の付くモンスターがいる場合、相手プレイヤーに400ダメージを与える。",「嵐の中を駆ける獣が、雷撃を放ち敵を震わせる。」 
C0000330,アクアレギナの漂流漁師,水,2,monster,,800,1200,【ヒューマノイド】【タイドウェーブ】  ,【召喚時】墓地の『アクアレギア』と名の付くモンスター1体をデッキに戻すと、レスト状態のSPトークンをアクティブにする。基本技: 自分のライフを500減らし、このカードのHPを1000回復（最大HP1200）。, 「瓦礫の中の海で魚を求め、漂う者。生き延びるためなら命すら賭ける。」
C0000331,アクアレギナの漂流船乗り,水,1,monster,,400,800,【ヒューマノイド】【タイドウェーブ】  ,基本技: このカードをリリースし、デッキから『アクアレギア』モンスター1体を手札に加える。,「壊れた船にしがみつき、希望を求め漂う者。仲間を呼ぶ声はかすかだ。」  
C0000332,アクアレギナの守護者,水,3,monster,,1000,1600,【ヒューマノイド】【タイドウェーブ】  ,【召喚時】自分の墓地の『アクアレギア』モンスター1体の攻撃力の半分をこのカードのHPに加える（最大1000）。基本技: 自分のライフを300回復。,「瓦礫の島を守る者。わずかな希望を胸に戦う。」  
C0000333,ヴェルゼファールの信徒・深みの儀式者,水,3,monster,,1200,1800,【ヒューマノイド】【タイドウェーブ】  ,"【魂結】: 召喚時、場にいる別の『ヴェルゼファール』モンスター1体とリンクし、双方の攻撃力を100アップ。
基本技: 自分のライフを1000減らし、デッキから『ヴェルゼファール』モンスター1体を手札に加える。",「廃墟で使者を讃え、血と魂を捧げる狂信者。深淵の声が彼らを導く。」
C0000334,ヴェルゼファールの眷属・クラディオム,水,2,monster,,800,1200,【ダークドウェラ】【ディープシャドウ】 ,"【魂結】: 召喚時、場にいる別の『ヴェルゼファール』モンスター1体とリンクし、双方の攻撃力を300アップ。
【深蝕】: このカードが場にいる間、自分のターン終了時、相手モンスター1体の攻撃力を500下げ、0になると破壊。
基本技：デッキからコスト4以下の「ヴェルゼファール」モンスターを手札に加える。",「黒い霧が漂い、小さな触手が蠢く。深海の使者の先兵。」  
C0000335,ヴェルゼファールの眷属・シスラゴン,水,4,monster,,1400,2000,【ダークドウェラ】【ディープシャドウ】 ,"【魂結】: 召喚時、場にいる別の『ヴェルゼファール』モンスター1体とリンクし、双方に『ターン終了時、相手プレイヤーに300ダメージ』を付与。
【深蝕】: このカードが場にいる間、自分のターン終了時、相手モンスター1体の攻撃力を500下げ、0になると破壊。
基本技：このカードがリンク状態の時、デッキからコスト6以下の「ヴェルゼファール」モンスターを手札に加える。",「蛇のように水面を滑り、黒い毒を滴らせる。使者の尖兵。」  
C0000336,ヴェルゼファールの眷属・ルミナクール,水,5,monster,,1800,2600,【ダークドウェラ】【ディープシャドウ】 ,"【魂結】: 召喚時、場にいる別の『ヴェルゼファール』モンスター1体とリンクし、双方のHPを800アップ。
【深蝕】: このカードが場にいる間、自分のターン終了時、相手モンスター1体の攻撃力を500下げ、0になると破壊。
基本技: 相手モンスター1体を次のターン終了まで行動不能にする。",「光の糸が獲物を絡め、深海の目が全てを見透かす。」
C0000337,ヴェルゼファールの眷属・タラッサロス,水,6,monster,,2600,3500,【ダークドウェラ】【ディープシャドウ】 ,"【魂結】: 召喚時、場にいる別の『ヴェルゼファール』モンスター1体とリンクし、双方の攻撃力を1000アップ。
【深蝕】: このカードが場にいる間、自分のターン終了時、相手モンスター1体の攻撃力を500下げ、0になると破壊。
基本技: このカードがリンク状態の時、相手フィールド全体に1500ダメージ。",「巨大な貝殻から触手が伸び、使者の意志を執行する。」  
C0000338,アクアレギアの廃墟,水,3,field,,,,,【常時】『アクアレギナ』または『ヴェルゼファール』モンスターのHPを600アップ。【自分エンドフェイズ時】自分の墓地の『アクアレギナ』モンスター1体を手札に戻すことができる。,「崩れし島に響く波音。水の生存者たちは希望を繋ぐ。」  
C0000339,アクアレギナの動力-エテルノス・コア,水,2,phasecard,,,,,"初期効果:【常時】 『アクアレギナ』または『ヴェルゼファール』モンスターの攻撃力を400アップ。
1枚重ね: 【自分エンドフェイズ時】場に『アクアレギナ』または『ヴェルゼファール』モンスターがいる場合、相手プレイヤーに500ダメージ。
2枚重ね: 【自分の『アクアレギナ』または『ヴェルゼファール』モンスターの召喚時】そのモンスターの攻撃力を500アップ。
3枚重ね: 相手フィールド全体に2000ダメージを与え、自分のライフを1000減らす。その後、このカードは墓地に送られる。",「砕けた水晶が放つ最後の光。深海の使者を呼び寄せる。」  
C0000340,深海の支配者・ヴェルゼファール,水,8,monster,【禁忌カード】,3400,4800,【ダークドウェラ】【ディープシャドウ】 ,"【召喚時】手札から『ヴェルゼファール』モンスター1体を場に召喚（コスト不要）。このターン、ダイレクトアタック不可。【場を離れる時】自分のライフを1000減らす。
【魂結】: 召喚時、場にいる別の『ヴェルゼファール』モンスター1体とリンクし、双方に『自分ターン終了時、相手プレイヤーに800ダメージ』を付与。
【深蝕】: このカードが場にいる間、ターン終了時、相手モンスター1体の攻撃力を500下げ、0になると破壊。
上級技: 自分のライフを2000減らし、相手フィールド全体に3000ダメージ。",「深淵より目覚めし支配者。その存在は全てを黒く染める。」
C0000341,ヴェルゼファール降臨の儀式,水,2,magic,【刹那詠唱】  ,,,,自分の場にいる『ヴェルゼファール』モンスター1体をリリースし、デッキから『ヴェルゼファール』モンスター1体を場に召喚（コスト不要、召喚するモンスターのコストはリリースしたモンスターのコスト＋3以下）。場に『深みの儀式者』がいる場合、召喚したモンスターの攻撃力をターン終了時まで800アップ。,「深海の使者に魂を捧げ、新たな使者を呼び寄せる儀式。その代償は狂気だ。」
C0000342,漂流民の抵抗,水,3,magic,,,,,自分の『アクアレギナ』モンスター1体のHPを1000アップ。場に『ヴェルゼファール』モンスターがいる場合、相手プレイヤーに500ダメージを与え、次のターンまでそのモンスターの基本技を封じる。,「クラディオムの群れから船を守るため、漂流民は命を懸けて戦う。」
C0000343,アクアレギナの水晶術師の防壁,水,3,magic,,,,,このターン、自分の『アクアレギナ』モンスターが受ける効果ダメージを0にし、HPを500アップ。場に『アクアレギナの動力-エテルノス・コア』がある場合、相手モンスター1体の攻撃力をターン終了時まで1000下げる。,「水晶の残骸から力を引き出し、汚染に抗う術師。孤立の中で希望を紡ぐ。」
C0000344,シスラゴンの汚染,水,3,magic,,,,,相手モンスター1体の攻撃力を1000下げ、次のターン終了時まで行動不能にする。場に『ヴェルゼファール』モンスターがいる場合、この効果をターン終了時まで全体に変更。,"「シスラゴンの黒い毒が水面を覆い、全てを腐らせる。」
"
C0000345,ヴォランティス・アルディオン,光,6,monster,【壮麗】,2800,3500,【鳥】【スカイレジェンド】,"【召喚時】相手モンスター全体の攻撃力をターン終了時まで500下げる。
【壮麗】: 手札から「ヴォランティス・アルディオン」を1枚捨て、このターン中、相手のモンスター効果を無効化。
基本技: 相手モンスター1体に800ダメージを与え、次のターンまで行動不能にする。
上級技: 手札を1枚捨て、相手フィールド全体に1000ダメージ。",「天翔峰の頂に君臨する巨鳥王。裁定の翼が全てを焼き払う。」
C0000346,ヴォランティス・セラヴェント,光,4,monster,【壮麗】,1800,2200,【鳥】【スカイレジェンド】,"【召喚時】デッキから「アヴィクルス」魔法カード1枚を手札に加える。
【壮麗】: 手札から「ヴォランティス・セラヴェント」を1枚捨て、このカードに【残魂】を付与する。
基本技: このカードの攻撃力をターン終了時まで1000アップ。", 「風を切り裂く鋭き翼。空の支配者として敵を睥睨する。」  
C0000347,鳥民の供物者・カルディス,光,2,monster,,800,1000,【ヒューマノイド】【ウィング・トリビューン】 ,"【召喚時】自分の手札1枚を墓地に送り、デッキから「ヴォランティス」モンスター1体を手札に加える。
基本技: このカードをリリースし、次の「ヴォランティス」モンスターの召喚コストを2軽減。",「巨鳥に命を捧げる鳥民。供物は空の怒りを鎮める鍵。」  
C0000348,ヴォランティス・ファルクェス,光,5,monster,【壮麗】,2400,3000,【鳥】【スカイレジェンド】,"【自分「ヴォランティス」モンスターの攻撃時】相手プレイヤーに300ダメージ。
【壮麗】: 手札から「ヴォランティス・ファルクェス」を1枚捨て、このターン中、このカードは2回攻撃が可能。
基本技: 相手モンスター1体の効果をターン終了時まで無効化。",「雲を貫く鋭い鳴き声。裁定の使者として敵を裁く。」 
C0000349,アヴィクルスの裁定,光,3,magic,【刹那詠唱】  ,,,,相手モンスター1体の攻撃力を1000下げ、次のターンまで行動不能にする。場に「ヴォランティス」モンスターがいる場合、相手プレイヤーに500ダメージ。,「巨鳥の裁きが下され、罪深き者は空から逃れられない。」
C0000350,鳥民の祈り,光,2,magic,,,,,自分のライフを800回復し、デッキから「アヴィクルス」フィールドカード1枚を手札に加える。,「鳥民の祈りが天に届き、巨鳥の加護を呼び寄せる。」
C0000351,天翔峰アヴィクルス,光,3,field,,,,,【常時】「ヴォランティス」モンスターの攻撃力を700アップ。【相手モンスター召喚時】対象の攻撃力をターン終了時まで500下げる。【エンドフェイズ時】場に「ヴォランティス」モンスターがいる場合、自分のライフを500回復。,「雲を突き抜ける聖なる峰。巨鳥の支配が全てを見下ろす。」 
C0000352,アヴィクルスの試練,光,2,phasecard,,,,,"初期効果: 【常時】「ヴォランティス」モンスターの攻撃力を400アップ。  
1枚重ね: 【自分エンドフェイズ時】相手モンスター1体の攻撃力を500下げる。  
2枚重ね: 【「ヴォランティス」モンスターを召喚時】相手プレイヤーに400ダメージ。  
3枚重ね: 相手の場にいるモンスター全てを次のターン終了時まで行動不能にし、相手の手札上限をこのターン中2減らす。その後、このカードを墓地に送る。次のターン開始時、自分に1000ダメージ。",「巨鳥の試練を乗り越えし者、空の力を手にせよ。」
C0000353,ヴォランティス・エテルノス,原始,10,monster,【禁忌カード】【犠現】,3800,4800,【鳥】【スカイレジェンド】,"【犠現】: 自分の場からモンスター1体を破壊し、そのコスト分このカードのSPコストを軽減（最大3軽減）。  
【召喚時】相手フィールド全体に2000ダメージを与え、このターン、自分はダイレクトアタック不可。  
【相手の魔法カードの発動時】ターンに1度無効化。  
上級技: 自分のライフを2000減らし、相手モンスター全体の攻撃力を1500下げる。",「永遠の巨鳥王。空と地の全てをその翼の下に収める。」  
C0000354,鳥民の風使い・ゼルヴィス,光,3,monster,,1200,1600,【ヒューマノイド】【ウィング・トリビューン】 ,基本技: 自分のモンスター1体のHPを800回復。  場に「ヴォランティス」モンスターがいる場合、このカードの攻撃力をターン終了時まで800アップ。,「風を操る鳥民の術者。巨鳥の意志を地上に伝える。」  
C0000355,鳥民の壮麗儀式,光,2,magic,,,,,自分の手札から「ヴォランティス」モンスター1枚を墓地に送り、デッキから「ヴォランティス」モンスター1枚を手札に加える。場に「ヴォランティス」モンスターがいる場合、このターン中、自分の「壮麗」効果の発動に必要な同名カードを墓地から除外して代用できる（1ターンに1度）。,「鳥民が巨鳥に捧げる儀式。その壮麗な姿が空を満たす。」
C0000356,鳥民の斥候・ヴェルティス,光,1,monster,,400,600,【ヒューマノイド】【ウィング・トリビューン】 ,"【召喚時】デッキの上から3枚を見て、うち「アヴィクルス」カード1枚を手札に加え、残りを好きな順番で戻す。
基本技: このカードをリリースし、次の自分のターン開始時まで、自分の「ヴォランティス」モンスターが受ける効果ダメージを0にする。",「巨鳥の影の下、斥候が島の秘密を探る。」
C0000357,風刻の使者・シルヴァリス,光,2,monster,,800,1100,【ヒューマノイド】【ウィング・トリビューン】 ,"【召喚時】自分のデッキの「ヴォランティス」カード1枚を墓地に送り、自分のライフを300回復。
基本技: 相手モンスター1体の攻撃力をターン終了時まで400下げる。",「風に刻まれた巨鳥の意志を運ぶ使者。その羽音は島に響き渡る。」
C0000358,アヴィクルスの風鳴り,光,1,magic,,,,,"自分のデッキの上から4枚を見て、「ヴォランティス」カード1枚を手札に加え、残りを墓地に送る。
場に「ヴォランティス」モンスターがいる場合、このターン中、自分の「ヴォランティス」モンスターの攻撃力を300アップ。",「巨鳥の翼が巻き起こす風鳴り。島に響くその音は裁定の前触れ。」
C0000359,ヴォランティス・インフェルノ,炎,7,monster,【壮麗】,3400,3500,【鳥】【スカイレジェンド】,"【召喚時】自分のフィールドのモンスター1体を破壊し、相手プレイヤーに1000ダメージを与える。  
【壮麗】: 手札から「ヴォランティス・インフェルノ」を1枚捨て、このターン中、このカードが与える戦闘ダメージを1.5倍にする。  
基本技: 相手モンスター1体に1200ダメージを与える（この効果で破壊された場合、相手プレイヤーに追加で500ダメージ）。  
上級技:自分のSPトークンを2個レスト状態にし、相手フィールド全体に1500ダメージを与える。",「溶岩洞に棲む炎の巨鳥。その羽ばたきは全てを焼き尽くす業火を巻き起こす。」
C0000360,ヴォランティス・テンペスト,未来,6,monster,【壮麗】,2600,3400,【鳥】【スカイレジェンド】,"【召喚時】自分のデッキの上から5枚を見て、1枚を手札に加え、残りを好きな順番でデッキに戻す。  
【壮麗】: 手札から「ヴォランティス・テンペスト」を1枚捨て、次の相手ターン開始時の相手のSPトークン増加を1減らす。  
基本技: このカードの攻撃力をターン終了時まで800アップし、そのターン中、このカードは相手の効果の対象にならない。  
上級技: 自分の手札を2枚デッキに戻し、相手モンスター1体をデッキに戻す（シャッフル後）。",「嵐を呼び密林を支配する巨鳥。その風は未来を見通す力を宿す。」
C0000361,虹羽密林のフェザートラップ,炎,4,monster,,1600,2000,【プラント】,"【被攻撃時】対象の相手モンスターの攻撃力をターン終了時まで600下げる。  
基本技: このカードを破壊し、相手フィールドのモンスター1体に1000ダメージを与える。",「虹羽密林に咲く巨大な食虫植物。その色鮮やかな花弁は獲物を誘い、炎を吐いて焼き尽くす。」
C0000362,風鳴樹,光,3,monster,,900,1500,【プラント】,"【召喚時】自分のSPトークンを1個レスト状態からアクティブに変える。  
基本技: 自分の手札1枚を墓地に送り、デッキから【プラント】カード1枚を手札に加える。",「風を受けて鳴き声を上げる密林の樹木。その音色は鳥民を導き、ヴォランティスの羽音と共鳴する。」
C0000363,虹羽密林のアクアフェザー,水,5,monster,,2000,2500,【プラント】,"【自分エンドフェイズ時】自分のライフを800回復。  
基本技: 相手モンスター1体の攻撃力をターン終了時まで1000下げる。この効果で攻撃力が0以下になった場合、そのモンスターを破壊する。",「水辺に潜む羽毛のような水生生物。虹色の体液で敵を弱らせ、静かに仕留める。」
C0000364,ヴォランティス・エクリプス,闇,6,monster,【壮麗】,2700,3000,【鳥】【スカイレジェンド】,"【召喚時】自分の墓地のカードを3枚まで除外し、除外した枚数×400ダメージを相手プレイヤーに与える。  
【壮麗】: 手札から「ヴォランティス・エクリプス」を1枚捨て、このターン中、このカードが場にいる間、相手モンスターの攻撃力を半減する。  
基本技: 相手モンスター1体を次のターン終了時まで行動不能にする。  
上級技: 自分のSPトークンを3個レスト状態にし、相手の手札をランダムに2枚墓地に送る。",「遺跡の闇に潜む巨鳥。その影は光を呑み込み、全てを混沌に誘う。」
C0000365,ヴォランティス・オーブ,光,6,magic,,,,,自分の場の「ヴォランティス」モンスター1体を選択し、その攻撃力を2500アップし、このターン中、相手モンスターを戦闘で破壊した場合、追加で1000ダメージを相手プレイヤーに与える。場に「天翔秘島」フィールドカードがある場合、このターン中、そのモンスターの超過分の戦闘ダメージは相手プレイヤーに与えられる。,「秘宝が巨鳥に力を与え、島の自然がその意志に従う。」
C0000366,天翔秘島,原始,4,field,,,,,"【常時】「ヴォランティス」モンスターのHPを1000アップ。【自分エンドフェイズ時】自分の属性ごとの「ヴォランティス」モンスター1体につき、以下の効果を適用（重複不可）：  
炎: 相手に500ダメージ。  
光: 自分のライフを500回復。  
闇: 相手モンスター1体の攻撃力を500下げる。  
未来: デッキの上から2枚見て1枚手札に加える。",「天翔峰を中心に広がる秘島。その自然は巨鳥の力を映し出す。」
C0000367,秘島の風声,なし,2,magic,,,,,自分の手札の「ヴォランティス」モンスター1体の召喚コストを2軽減し、そのカードと同名カードをデッキから手札に加える。,「島を渡る風が巨鳥の意志を運び、自然と共鳴する。」
C0000368,裁定の鳥民・ミナルス,光,2,monster,,800,1200,【ヒューマノイド】【ウィング・トリビューン】 ,"【召喚時】デッキから「ヴォランティス」モンスター1枚を墓地に送り、自分のライフを800回復。  
基本技: このカードをリリースし、自分の墓地の「ヴォランティス」モンスター1体を手札に戻す。そのターン終了時まで、自分の「ヴォランティス」モンスターが受ける戦闘ダメージを半減。",「光の裁定を下す鳥民。巨鳥の調和を願い、秘宝の守護に命を捧げる。」
C0000369,炎翼の鳥民・イグニス,炎,2,monster,,1200,800,【ヒューマノイド】【ウィング・トリビューン】 ,"【召喚時】自分の手札1枚を墓地に送り、相手プレイヤーに600ダメージを与える。  
基本技: このカードを破壊し、自分の「ヴォランティス」モンスター1体の攻撃力をターン終了時まで1000アップ。",「炎をまとい戦う鳥民。巨鳥の力を引き出し、敵を焼き尽くす。」
C0000370,影羽の鳥民・ノクティス,闇,2,monster,,1000,1000,【ヒューマノイド】【ウィング・トリビューン】 ,"【常時】自分の「ヴォランティス」モンスターが相手モンスターを戦闘で破壊するたび、そのモンスターの攻撃力の半分を相手プレイヤーにダメージとして与える。  
基本技: 自分の墓地の「ヴォランティス」カード1枚を除外し、相手モンスター1体の攻撃力をターン終了時まで800下げる。",「闇に潜む鳥民。巨鳥の影を操り、敵を静かに葬る。」
C0000371,風詠の鳥民・ゼフィラス,未来,2,monster,,900,1100,【ヒューマノイド】【ウィング・トリビューン】 ,"【召喚時】自分のデッキの上から3枚を見て、【ウィング・トリビューン】 もしくは「ヴォランティス」カード1枚を手札に加え、残りを好きな順番でデッキの下に戻す。  
基本技: 手札のモンスターカードを1枚捨て1枚ドローする（この効果はターンに1度のみ）。",「風を読み未来を詠む鳥民。巨鳥の意志を先導し、島の運命を切り開く。」
C0000372,天翼の召喚儀式,光,3,magic,,,,,"自分の手札から「ヴォランティス・オーブ」を1枚墓地に送り、自分の場の「鳥民」モンスター1体をリリースして発動。以下に対応する「ヴォランティス」モンスター1体をデッキから特殊召喚する（召喚コスト無視）。この効果で召喚したモンスターは次のターン終了時まで効果が無効化されない。  
「裁定の鳥民・ルミナス」→「ヴォランティス・アルディオン」  
「炎翼の鳥民・イグニス」→「ヴォランティス・インフェルノ」  
「影羽の鳥民・ノクティス」→「ヴォランティス・エクリプス」  
「風詠の鳥民・ゼフィラス」→「ヴォランティス・テンペスト」
このカードを発動するターン、自分は「ヴォランティス」モンスター以外のモンスターを場に出せない。",「秘宝を捧げ、鳥民が巨鳥を呼び覚ます。天翼の意志が島に響き渡る。」
C0000373,虹羽密林の血針蟻・ザルヴァキス,炎,2,monster,,900,700,【インセクト・アリ】,"【召喚時】自分の墓地の「虹羽密林の血針蟻・ザルヴァキス」を1体を召喚（同名カードはターンに1度）。  
基本技: 相手モンスターに600ダメージを与える。",「赤い針を振りかざす蟻の群れ。密林の血潮を呼び覚まし、敵を刺し貫く。」
C0000374,虹羽密林の輝甲虫・ルクセリオ,光,3,monster,,1300,1700,【インセクト・ビートル】,"【自分エンドフェイズ時】自分のライフを400回復し、デッキの上から1枚を墓地に送る。  
基本技: このカードを墓地に送り、デッキから「虹羽密林」カード1枚を手札に加える。",「金色の甲殻が光を放つ甲虫。その輝きは密林に生命の輪を広げる。」
C0000375,虹羽密林の霧花蛙・ヴェルミナ,水,2,monster,,700,1100,【ビースト・フロッグ】,"【召喚時】自分の手札1枚をデッキに戻しシャッフルする、その後、自分のSPトークンを1個レスト状態からアクティブに変える。  
基本技: 相手モンスター1体の攻撃力をターン終了時まで600下げる。",「青い霧をまとう小さな蛙。密林の静寂を保ち、水の歌を響かせる。」
C0000376,虹羽の微脈,なし,3,field,,,,,"【常時】自分のターン中「虹羽密林」モンスターの攻撃力を500アップ。【自分エンドフェイズ時】自分の場の「虹羽密林」モンスターの属性によって、以下の効果から1つを選択：  
炎: 相手プレイヤーに300ダメージ。  
光: 自分のライフを300回復。  
水: 自分の墓地の水属性カード1枚を手札に加える。",「密林を貫く微細な脈動。小さな生命が島の力を静かに支える。」
C0000377,虹羽密林の赤花蔓・カルティノス,炎,1,monster,,400,600,【プラント】,"【召喚時】自分のデッキの上から2枚を墓地に送り、その中に「虹羽密林」モンスターが含まれていた場合、相手プレイヤーに300ダメージを与える。  
基本技: このカードを墓地に送り、自分の墓地の「虹羽密林」モンスター1体を手札に戻す。",「赤い花を咲かせる蔓植物。密林の土壌に根を張り、獲物を絡め取る。」
C0000378,虹羽密林の金胞草・ファルネシア,光,2,monster,,600,1000,【プラント】,"【常時】自分の「虹羽密林」モンスターが召喚されるたび、そのモンスターの攻撃力をターン終了時まで400アップ。  
基本技: 自分のライフを300回復。",「金色の胞子を放つ草。その輝きは密林の生命を静かに育む。」
C0000379,虹羽密林の青滴虫・サルフィス,水,1,monster,,300,500,【インセクト】,"【召喚時】自分のデッキの上から1枚を墓地に送る。墓地に送ったカードが「虹羽密林」モンスターだった場合、自分のSPトークンを1個アクティブにする。  
基本技: このカードを墓地に送り、次の自分のターン開始時まで、相手モンスターが受ける効果ダメージを200アップ。",「青い滴を滴らせる小さな虫。密林の水辺を這い、静かに生命を繋ぐ。」
C0000380,虹羽密林の湖鱗獣・アクアレオン,水,4,monster,,1600,2400,【ビースト】,"【常時】このカードの攻撃力は、自分の場の「虹羽密林」モンスター1体につき500アップ。  
基本技: 自分のデッキの上から3枚を墓地に送り、その中に「虹羽密林」モンスターが含まれていた場合、自分のライフを800回復。  
上級技: 自分のSPトークンを2個レスト状態にし、自分の墓地の「虹羽密林」モンスター1体を特殊召喚。このターン中、そのモンスターの効果は無効化されない。",「密林の湖を支配する水生の獣。その鱗は青く輝き、小さな生命を守護する主となる。」
C0000381,"虹羽密林の生命網
",なし,2,magic,【刹那詠唱】,,,,自分の墓地の「虹羽密林」モンスター2体を手札に戻す、場に「虹羽の微脈」がある場合、さらに手札からコスト3以下「虹羽密林」モンスター1枚を召喚し、その攻撃力をターン終了時まで1000アップ。,「密林の生命が網のように繋がり、小さな鼓動が大きな力を生み出す。」
C0000382,虹羽の覚醒脈,なし,3,magic,,,,,自分の場に「虹羽密林」モンスターが2体以上いる場合に発動可能。自分の場の「虹羽密林」モンスターを全て墓地に送り、その数×500ダメージを自分に与える。その後、自分のデッキ・手札・墓地から「ヴォランティス」モンスター1体を特殊召喚（召喚コスト無視）。この効果で召喚したモンスターは、このターン中攻撃できず、次のターン終了時まで効果が無効化されない。このカードを発動したターン、自分は他のモンスターを場に出せない。,「密林の小さな生命が脈を震わせ、大いなる生命の覚醒を呼び起こす。その鼓動は天翔峰に響き渡る。」
C0000383,虹羽密林の共鳴弦,なし,2,phasecard,,,,,"初期効果: 【自分のコスト3以下の水、光、炎属性モンスターの召喚時】、そのモンスターの攻撃力をターン終了時まで300アップ。  
1枚重ね: 【自分ドローフェイズ】自分の「虹羽密林」モンスターが場にいる間、自分のドローフェイズのドロー枚数を1増やす。  
2枚重ね: 【自分のコスト3以下の水、光、炎属性モンスターの召喚時】自分のSPトークンを1個レスト状態からアクティブに変える（ターンに1度）。  
3枚重ね: 自分の場の水、光、炎属性モンスター全ての攻撃力を500アップし、このカードを墓地に送る。",「密林の小さな生命が共鳴し、微かな弦音が響き合う。その調べは虹羽の力を呼び醒ます。」
C0000384,魔女エリザヴェット・ヴェイル,闇,4,monster,,1600,2200,【魔導士】,"【常時】自分の「黒呪」魔法カードのコストを1軽減（重複不可）。  
基本技: 自分の墓地の「黒呪」魔法カード1枚を手札に戻す（ターンに1度）。  
このカードが破壊された時、デッキから「呪縛の塔・ヴェルナクール」を1枚場に出す（コスト不要）。",「孤独の塔に籠もり、呪核の杖を手に大陸を支配する魔女。その瞳は全てを見透かす。」  
C0000385,呪魂の従者,闇,2,monster,,800,1200,【スピリット】【ソウルカース】,"【召喚時】デッキから「エリザヴェット・ヴェイル」1枚を手札に加える。  
基本技: このカードを墓地に送り、自分の「エリザヴェット」モンスター1体のHPを800回復。",「魔女に仕える亡魂。その忠誠は呪いによって永遠に縛られている。」  
C0000386,呪縛の塔・ヴェルナクール,闇,3,field,,,,,"【常時】自分の「黒呪」魔法カードのコストを1軽減（エリザヴェットと重複可）。  
【自分エンドフェイズ時】墓地の「黒呪」魔法カード1枚をデッキに戻す。",「黒呪の大陸を見下ろす漆黒の尖塔。魔女の意志が呪いの瘴気を響かせる。」  
C0000387,呪核の杖・ザルヴェリオ,闇,2,phasecard,,,,,"初期効果: 【発動時】相手プレイヤーに200ダメージ。  
①: 【自分エンドフェイズ時】デッキから「黒呪」魔法カード1枚を手札に加える。  
②: 【「黒呪」魔法カード発動時】そのターン中、自分の「エリザヴェット」モンスターの攻撃力を500アップ。  
③: このカードを墓地に送る。その後、自分の場に「呪骸王エリザルヴェドン」がいる場合、その攻撃力をターン終了時まで1500アップし、このターン、「黒呪」魔法カードが与えるダメージを倍にする。場にいない場合、デッキから「呪骸王エリザルヴェドン」を場に召喚する（コスト不要）。",「黒い宝石が輝く杖。魔女の手の中で呪いの力を増幅し、大陸に響き渡る。」  
C0000388,黒呪・ファルザノンの影爪,闇,2,magic,【刹那詠唱】,,,,"自分のデッキの上から1枚を墓地に送り相手モンスター1体に1000ダメージを与える。  
【刹那詠唱】: SPトークン1個を追加でレスト状態にすることで相手ターンでも発動可能。",「魔女の苛立ちが影を呼び、爪痕となって敵を切り裂く。」 
C0000389,黒呪・ザルガノートの呪鎖,闇,2,magic,【刹那詠唱】,,,,相手モンスター1体を次のターン終了時まで行動不能にし、毎ターン終了時、そのモンスターに400ダメージを与える（最大2ターン）。,「魔女の鎖は魂を縛り、永遠の闇に沈める呪いの鎖。」  
C0000390,黒呪・ヴェルザクトの黒刃,闇,3,magic,【刹那詠唱】,,,,"相手モンスター1体に1200ダメージを与え、次のターン終了時までそのモンスターの攻撃力を500下げる。  
【刹那詠唱】: SPトークン1個を追加でレスト状態にすることで相手ターンでも発動可能。",「魔女の憤怒が刃となり、黒き呪いが魂を蝕む。」  
C0000391,黒呪・トゥルヴァントの障壁,闇,3,magic,【刹那詠唱】,,,,"自分のモンスター1体に「守護」を付与する（1度だけ受けるダメージを半減）。  
場に「呪縛の塔・ヴェルナクール」がある場合、この効果を自分のモンスター全体に適用。  
【刹那詠唱】: SPトークン1個を追加でレスト状態にすることで相手ターンでも発動可能。",「魔女の孤独が瘴気を呼び、呪いの塔を包む黒き障壁となる。」  
C0000392,黒呪・ドルヴァネクの傀儡糸,闇,4,magic,,,,,"相手のコスト4以下のモンスター1体のコントロールをターン終了時まで奪う。  
奪ったモンスターが破壊された場合、相手プレイヤーに800ダメージを与える。",「魔女の糸が魂を縛り、死してなお彼女に仕える傀儡となる。」  
C0000393,黒呪・カルヴェリオンの灰嵐,闇,5,magic,,,,,"相手フィールド全体に1500ダメージを与え、次のターン終了時まで相手モンスターの攻撃力を500下げる。  
場に「呪縛の塔・ヴェルナクール」がある場合、このカードのダメージを2000に変更。",「魔女の嘆きが風となり、大陸に灰の終末をもたらす。」  
C0000394,黒呪・エルザフィールの契約,闇,6,magic,,,,,相手の場全体に2500ダメージを与える。 自分の場に「エリザヴェット・ヴェイル」がある場合、このターン終了時まで相手のモンスター効果を無効化。,「魔女の涙が契約となり、大陸は黒呪に沈んだ。」 
C0000395,血呪の棺・ヴェルディクタス,闇,3,phasecard,,,,,"初期効果:【発動時】「ヴァルディスの幻影」（光属性、コスト0、ATK 1000 / HP 1000、トークン）を自分の場に召喚する。このトークンはターン終了時まで場に残り、次のターン開始時に墓地に送られる。  
1枚重ね:【自分エンドフェイズ時】自分の「エリザヴェット」モンスター1体に「守護」を付与する（1度だけ受けるダメージを半減）。  
2枚重ね:【自分ターン開始フェイズ時】自分の墓地の「黒呪」魔法カード1枚を手札に戻す。場に「ヴァルディスの幻影」がいる場合、代わりに2枚戻す。  
3枚重ね:このカードを墓地に送り、自分のライフを1000減らす。その後、デッキから「エリザヴェット・ヴェイル」1枚を場に召喚（コスト不要）。",「血呪の峠に立つ棺。封じられた愛の幻が魔女を呼び、呪いの鎖を響かせる。」  
C0000396,呪骸王エリザルヴェドン,闇,6,monster,,1800,4000,【ソウルカース】,"【常時・手札】自分の墓地に「黒呪」魔法カードが3枚以上ある場合、このカードの召喚コストを2軽減する。
【常時】自分の「黒呪」魔法カード発動時、相手プレイヤーに500ダメージを与える。  
基本技: 自分の墓地の「黒呪」魔法カード1枚をデッキに戻し、このカードの攻撃力をターン終了時まで800アップ（ターンに1度）。  
上級技:  自分の墓地の「黒呪」魔法カード1枚をデッキに戻し、そのカードの効果を発動する。",「血呪の棺から生まれし王。魔女の呪いが骸となり、大陸に終末を告げる。」  
C0000397,呪術狩りの聖焔騎士レオノーラ,光,5,monster,,2200,2600,【ヒューマノイド】【ライバル】,"【常時】相手の闇属性モンスターが受けるダメージを400アップ。  
基本技: 自分の墓地の光属性カード1枚をデッキに戻し、相手の闇属性モンスター1体に1200ダメージ（ターンに1度、闇以外なら600ダメージ）。",「聖焔を掲げ、魔女の闇を討つ騎士。彼女の正義は揺るがぬ。」  
C0000398,呪術狩りの呪焔術師ガルドリック,炎,4,monster,,1800,2000,【魔導士】【ライバル】,"【召喚時】自分の墓地のコスト3の魔法カード1枚を手札に戻す。  
基本技: 自分のライフを500減らし、相手の闇属性モンスター1体に1200ダメージ（闇以外なら600ダメージ、ターンに1度）。",「焔を操りし術師。魔女の力を欲し、旅団を裏切る野心を秘める。」 
C0000399,呪術狩りの鎖術師ミリア,水,3,monster,,1200,1800,【鎖】【ライバル】,"【常時】相手の闇属性モンスターの攻撃力をターン終了時まで300ダウン。  
基本技: SPトークン1個をレスト状態にし、相手の闇属性モンスター1体を次のターン終了時まで行動不能にする（ターンに1度）。", 「呪鎖を操る術師。魔女の魔獣を縛り、旅団を守る。」  
C0000400,呪術狩りの技師ヴァルク,未来,4,monster,,1600,2200,【ヒューマノイド】【ライバル】,"【召喚時】自分のデッキから「呪術狩り」カード1枚を手札に加える。  
基本技: SPトークン1個をレスト状態にし、自分の闇属性以外のモンスター1体のHPを800回復（ターンに1度）。",「呪械を操る技師。魔女の闇を解体し、未来を切り開く。」  
C0000401,呪術狩りの傭兵バランド,なし,3,monster,,1400,1500,【ヒューマノイド】【ライバル】,"【常時】自分の他のモンスターが闇属性モンスターに与えるダメージを200アップ。  
基本技: 自分の手札1枚を墓地に送り、相手の闇属性モンスター1体のHPを1000減らす（ターンに1度）。",「呪剣を手に戦う傭兵。旅団の結束を支えつつ、実利を求める。」  
C0000402,呪術狩りの封印鎖,水,3,magic,【刹那詠唱】,,,,"相手のモンスター1体をターン終了時まで行動不能にする。  闇属性モンスターの場合、次のターン終了時まで行動不能にして、攻撃力を0にする。
自分の場に「呪術狩り」モンスターがいる場合、追加で800ダメージを与える。  
【刹那詠唱】: SPトークン1個をレストで相手ターン発動可。","「呪鎖が魔獣を縛る。旅団の意志は決して砕けぬ。」 
"
C0000403,沼の血叫びヴォルガノス,水,5,monster,,2000,3000,【スピリット】【ソウルカース】,"【召喚時】相手プレイヤーに600ダメージを与える。  
基本技: SPトークン1個をレスト状態にし、相手モンスター1体の攻撃力を次のターン終了時まで1000ダウン（ターンに1度）。
上級技: SPトークン1個をレスト状態にし、1枚ドローする（ターンに1度）。",「黒涙の沼に潜む魔獣。かつては清流を守る精霊だったが、黒呪に染まり、腐った鱗と粘液に覆われた異形と化した。複数の首が怨念を叫び、沼に引きずり込まれた者は狂気に呑まれる。」
C0000404,呪森の狼王グリムヴァルド,原始,4,monster,,1800,2400,【ビースト・狼】【ソウルカース】,"【自分エンドフェイズ時】相手プレイヤーに300ダメージを与える。  
基本技: 自分の墓地の原始属性モンスター1枚をデッキに戻し、このカードの攻撃力をターン終了時まで600アップ（ターンに1度）。",「呪縛の森を支配する狼の王。瘴気に濡れた黒毛と血色の目を持つこの魔獣は、エリザヴェットの呪いで死にきれなかった獣たちの怨念が融合した姿。吠え声は呪いの言葉となり、森を彷徨う者を絶望に導く。」  
C0000405,灰塵の骨翼アッシュドラゴン,原始,6,monster,,2800,3100,【ドラゴン】【ソウルカース】,"【自攻撃時】相手モンスターに与えるダメージを300アップ。  
基本技:  このカードに600ダメージ、相手モンスター1体に1000ダメージ（ターンに1度）。
上級技:このカード含むフィールド全体に1000ダメージ（ターンに1度）。",「灰塵の荒野を翔ける骨竜。大陸を守護していた竜がエリザヴェットの呪いで骸と化し、破れた翼と血色の炎でなお空を支配する。」 
C0000406,血炎の精霊ブラッドフェニクス,炎,5,monster,,2400,2500,【スピリット】【ソウルカース】,"【自破壊時】相手プレイヤーに800ダメージを与える。  
基本技: 自分のデッキの上から1枚を墓地に送り、相手モンスター1体に500ダメージ（ターンに1度）。
上級技: 自分のデッキの上から2枚を墓地に送り、相手モンスター1体に1200ダメージ（ターンに1度）。",「血呪の峠に潜む叛逆の魔獣。エリザヴェットの呪いに抗った炎の精霊が変形した姿。彼女の魔獣と敵対しつつ、人間にも牙を剥く。」  
C0000407,魂喰いのレイスヴィット,闇,3,monster,,1200,1800,【ゴースト】【ソウルカース】,"【相手モンスター攻撃時】そのモンスターに200ダメージ。  
基本技: 自分の手札1枚を墓地に送り、相手プレイヤーに500ダメージ（ターンに1度）。",「灰塵の荒野を漂う亡魂の群れ。命を奪われた民衆の怨念が、魂を喰らう姿は呪縛の塔への警告となる。」  
C0000408,時枯れの骨蜘蛛スケルクロノス,未来,4,monster,,1600,2300,【インセクト・蜘蛛】【ソウルカース】,"基本技: SPトークン1個をレスト状態にし、相手モンスター1体に800ダメージ（ターンに1度）。
上級技: チャージ１消費、相手モンスター1体を次のターン終了時までゲームから除外する。 ",「呪縛の森の深部に潜む時間の怪物。骨と枯れ枝でできた蜘蛛の姿で、触れる者を一瞬で老化させるこの異形は、呪いが時空を歪めた産物。誰の支配も受けず、森を恐怖に染める。」  
C0000409,血涙の叫女バンシーディス,闇,3,monster,【死触】,500,400,【魔族】【ソウルカース】,"【死触】このモンスターが与えるダメージが1点でもあれば、その相手モンスターを破壊する。
基本技: このターン終了時まで相手モンスター1体の攻撃力を600ダウン。",「血呪の峠を漂う哀しみの魔物。白い髪と血涙を流す目を持つこの叫女の死を告げる叫び声は、敵を恐怖に陥れる。」 
C0000410,峠の暴君ヴェルミグノス,炎,6,monster,,2500,3000,【ビースト】【ソウルカース】,"【自分ターン開始フェイズ時】相手フィールド全体に300ダメージを与える。  
基本技: 自分のHPを600減らし、相手モンスター1体に1400ダメージ（ターンに1度）。",「呪いの血がその甲殻を熔かし、炎と毒を帯びた怪物へと変えた。支配を拒みつつ、峠を我が物としようと咆哮する。」 
C0000411,呪炎殻のイグニファトゥス,炎,4,monster,,1800,2300,【スピリット】【ソウルカース】,"【自攻撃時】自分の攻撃を200アップ。  
基本技: SPトークン1個をレスト状態にし、相手プレイヤーに500ダメージ。",「峠を彷徨う亡魂。裏切りの怨念が血焔となり、炎の魔獣と化した。鞭のように伸びる腕が、敵を絡め取る。」  
C0000412,血針の蠍スコーピグニス,炎,2,monster,,1000,800,【インセクト】【ソウルカース】,"【召喚時】自分のデッキの上から2枚を墓地に送る。  
基本技: 自分の手札1枚を墓地に送り、相手モンスター1体に600ダメージを与え、次のターン終了時までその攻撃力を300ダウン。",「大型魔獣の影に隠れ、峠の岩陰を這うサソリ。呪いが小さな虫を炎と毒の魔獣に変えた。」
C0000413,群狼長ヴァルグレイス,原始,3,monster,,1400,1500,【ビースト・狼】【ソウルカース】,"【自攻撃時】相手モンスターの攻撃力がこのカードより低い場合、そのダメージを400アップ。  
基本技: SPトークン1個をレスト状態にし、自分のデッキ・手札の「呪縛の群狼」1枚を場に召喚。",「群狼の長。グリムヴァルドの吠え声に従う。」
C0000414,呪縛の群狼,原始,2,monster,,1000,1100,【ビースト・狼】【ソウルカース】,なし,「呪縛の森を徘徊する群狼。ヴァルグレイスの吠え声に従い、侵入者を執拗に追う。森の闇に響く爪音は死の予告となる。」
C0000415, 呪影の牙狼ウルフェイン,原始,4,monster,,1900,1900,【ビースト・狼】【ソウルカース】,"【自攻撃時】相手の反撃ダメージを受けない。  
基本技: 自分のライフを500減らし、相手モンスター1体に1000ダメージ。",「呪縛の森の影に潜む牙狼。静寂の中、影が牙を剥く瞬間が最期となる。」  
C0000416,霧角の鹿ケルニグリス,原始,2,monster,,800,1000,【ビースト・鹿】【ソウルカース】,"【自分エンドフェイズ時】自分のライフを300回復。  
基本技: このカードを墓地に送り、次のターン終了時まで相手プレイヤーに与えるダメージを200アップ。",「呪縛の森を彷徨う鹿。霧の中で逃げ惑う哀れな獣は、狼の群れの餌食となる。」
C0000417,棘の剛毛猪イノブリスト,原始,5,monster,,2000,2800,【ビースト・イノシシ】,"【被攻撃時】このカードが与える反撃は50％で計算する。
基本技: SPトークン1個をレスト状態にし、自分の場にいる「呪棘の剛毛猪イノブリスト」1体のHPを1000回復（ターンに1度）。",「呪縛の森で狼と対峙する剛毛イノシシ。瘴気に硬化した黒い棘と鋭い牙を持つこの獣は、エリザヴェットの呪いに屈しない。」  
C0000418,深層の隠蟲クリプトノムス,闇,4,monster,,1600,2200,【インセクト】【ソウルカース】,"【被攻撃時】そのターン終了時までこのカードのHPを800アップ。  （ターンに1度）
基本技: SPトークン1個をレスト状態にし、次のターン終了時までこのカードが受けるダメージを300軽減。",「呪縛の森の深部に潜む隠蟲。瘴気に染まった森に適用し隠匿の術を極めた。」
C0000419,毒蛾モルフィグナ,未来,3,monster,,1400,1700,【インセクト・蛾】【ソウルカース】,"【召喚時】相手プレイヤーに400ダメージを与える。  
基本技: 自分の手札1枚を墓地に送り、相手モンスター1体の攻撃力を次のターン終了時まで500ダウン。",「血色の鱗粉と瘴気の糸を持つこの魔獣は、呪いの力で毒の使者に変貌した。」  
C0000420,瘴気の蟻アラクノファグス,闇,2,monster,,900,500,【インセクト・アリ】【ソウルカース】,"【自攻撃時】相手モンスターを破壊した時、相手プレイヤーに300ダメージを与える。  
基本技: 自分のデッキの上から2枚を墓地に送り、このカードの攻撃力をターン終了時まで600アップ（ターンに1度）。",「呪縛の森の深部を這う蟻。森の死体を噛み、血を糧に生き続ける。」  
C0000421,沼の狩人クルーロプス,水,3,monster,,1000,1700,【インセクト・アメンボ】【ソウルカース】,"【召喚時】1枚ドローする。
基本技: SPトークン1個をレスト状態にし、相手モンスター1体に700ダメージ（ターンに1度）。",「黒涙の沼の泥に潜むアメンボ。呪いの力で跳躍の狩人に変貌した。」  
C0000422,黒涙の山椒魚サラマグナ,水,5,monster,,2000,3000,【サラマンダー】【ソウルカース】,"【自壊時】自分の墓地の水属性カード1枚を手札に戻す。  
基本技: このカードのHPを500減らし、相手モンスター1体のHPを1000減らす（ターンに1度）。",「呪いの力で腐敗と再生を繰り返す黒涙の沼の深部に棲む山椒魚。ヴォルガノスの影で蠢き、沼の獲物を喰らう。」 
C0000423,黒涙の毒樹フロラクルス,水,4,monster,,1500,2300,【プラント】【ソウルカース】,"【相手モンスター攻撃時】その攻撃力をターン終了時まで300ダウン。  
基本技: 自分のデッキの上から3枚を墓地に送り、相手フィールド全体に300ダメージ。",「黒涙の沼の岸辺に咲く毒蕾。毒ガスを持つこの植物は、ヴォルガノスの庇護の下、静かに獲物を絡め取る。」 
C0000424,呪灰の翼ダスクドラゴン,闇,5,monster,,2200,2900,【ドラゴン】【ソウルカース】,"【自分エンドフェイズ時】相手フィールド全体に400ダメージを与える。  
基本技: 自分のライフを600減らし、相手モンスター1体のHPを1200減らす（ターンに1度）。",「灰塵の荒野を支配する血翼の竜。呪いの灰がその鱗を染め、血の息を吐くこの魔獣は、かつての守護者の姿を失った。黄昏の如き終末を求め、荒野を彷徨う。」
C0000425,灰骨竜フレアスケルス,闇,6,monster,,2600,3400,【ドラゴン】【ソウルカース】,"【自攻撃時】相手モンスターに与えるダメージを400アップ。  
基本技: SPトークン1個をレスト状態にし、相手フィールド全体に1000ダメージ（ターンに1度）。",「灰塵の荒野の深部に潜む焰竜。呪いの灰がその肉を奪い、骨と炎だけが残ったこの魔獣は、終わりなき破壊を求める。燃える尾が荒野に焦痕を刻む。」
C0000426,灰塵の怨念スペクトラグス  ,闇,3,monster,【死触】,300,200,【ゴースト】【ソウルカース】,"【死触】このモンスターが与えるダメージが1点でもあれば、相手モンスターを破壊する
基本技: 自分の手札1枚を墓地に送り、相手プレイヤーに300ダメージ（ターンに1度）。",「呪いの灰に染まった魂が悲鳴を上げ、この亡魂と化した。」
C0000427,灰塵の骨霊ファントマリス,闇,2,monster,,800,1100,【スケルトン】【ソウルカース】,"【召喚時】自分の墓地の闇属性カード1枚をデッキに戻す。  
基本技: SPトークン1個をレスト状態にし、相手モンスター1体のHPを600減らす。",「灰塵の荒野に浮かぶ影魂。呪いの灰が骨と魂を縛り、この亡魂を生み出した。」
C0000428,血焔の嵐,炎,4,magic,,,,,相手フィールド全体に800ダメージを与える。自分のライフが3000以下の場合、このダメージを1200に変更。,「峠の魔獣が吐き出す炎が、呪いと共に吹き荒れ、全てを焼き尽くす。」
C0000429,黒涙のうねり,水,3,magic,【刹那詠唱】,,,,"相手モンスター1体のHPを1000減らし、次のターン終了時までその攻撃力を300ダウン。  
【刹那詠唱】: SPトークン1個をレストで相手ターン発動可。",「黒涙の沼から溢れる呪いの波動。血と瘴気に染まった水が沼の深部から命を蝕む。」
C0000430,狼王の咆哮,原始,2,magic,,,,,自分の墓地の狼カード1枚を手札に戻す。そのカードのコストを1下げる。,「呪縛の森に響き渡る咆哮。狼王の吠え声が瘴気を呼び、森の闇が敵を呑み込む。」
C0000431,灰塵の刻印,未来,3,magic,【刹那詠唱】,,,,"相手モンスター1体を攻撃不能にする。このターン中、そのモンスターが受けるダメージを300アップ。  
【刹那詠唱】: SPトークン1個をレストで相手ターン発動可。",「灰塵の荒野に刻まれる呪いの印。灰と怨念が敵を縛り、終末の時を加速させる。荒野の亡魂が静かに微笑む。」  
C0000432,棘根の罠,なし,2,magic,,,,,相手モンスター1体の攻撃力を次のターン終了時まで600ダウン。このターン終了時、そのモンスターが場にいる場合、そのプレイヤーに400ダメージを与える。,「呪縛の森深部に仕掛けられた棘根の罠。瘴気に染まった根と棘が敵を絡め取り、深部の怪物が忍び寄る。逃れる者は絶望に沈む。」  
C0000433,灰光の裁き,光,2,magic,,,,,相手モンスター1体に800ダメージを与える。そのモンスターが闇属性の場合、このダメージを1600に変更。,「かつての守護者の裁きが呪いの灰を貫き、堕ちた者を焼き払う。」  